web_scraper_order,web_scraper_start_url,data,price,data2,data3,data4,data5,data6,photo
"1789824420-1","https://www.bricoma.ma/jardinage-pein-air/parasols-et-voiles-d-ombrage.html","KIT FIXATION VOILE D’OMBRAGE – 6 PIÈCES AVEC VIS – INOX 304","79,00 MAD","Voir produit","HOME DECO","nouveauté","best seller","Stock Limité","https://www.bricoma.ma/pub/media/catalog/product/cache/91592fba593eb22710bd0e431c05b560/k/i/kit_fixation_voile_d_ombrage_6_pi_ces_avec_vis_1.png"
"1789824420-2","https://www.bricoma.ma/jardinage-pein-air/parasols-et-voiles-d-ombrage.html","KIT FIXATION VOILE D’OMBRAGE – 8 PIÈCES AVEC VIS – INOX 304","99,00 MAD","Voir produit","HOME DECO","nouveauté","best seller","Stock Limité","https://www.bricoma.ma/pub/media/catalog/product/cache/91592fba593eb22710bd0e431c05b560/k/i/kit_fixation_voile_d_ombrage_8_pi_ces_avec_vis_inox_30_3.png"
"1789824420-3","https://www.bricoma.ma/jardinage-pein-air/parasols-et-voiles-d-ombrage.html","VOILE D'OMBRAGE 170G 3.6X3.6X3.6M BEIGE VES-6273","199,00 MAD","Voir produit","HOME DECO","nouveauté","best seller","Stock Limité","https://www.bricoma.ma/pub/media/catalog/product/cache/91592fba593eb22710bd0e431c05b560/1/2/129841_toile_ombrage_beige_png.jpg"
"1789824420-4","https://www.bricoma.ma/jardinage-pein-air/parasols-et-voiles-d-ombrage.html","VOILE D'OMBRAGE 170G 3.6X3.6M GREY VES-6274","349,00 MAD","Voir produit","HOME DECO","nouveauté","best seller","Stock Limité","https://www.bricoma.ma/pub/media/catalog/product/cache/91592fba593eb22710bd0e431c05b560/1/2/129842_voile_ombarge_gris_4_crochets_png.jpg"
"1789824420-5","https://www.bricoma.ma/jardinage-pein-air/parasols-et-voiles-d-ombrage.html","VOILE D'OMBRAGE 170G 3.6X3.6M BEIGE VES-6275","349,00 MAD","Voir produit","HOME DECO","nouveauté","best seller","Stock Limité","https://www.bricoma.ma/pub/media/catalog/product/cache/91592fba593eb22710bd0e431c05b560/1/2/129843_voile_ombrage_beige_4_png.jpg"
"1789824420-6","https://www.bricoma.ma/jardinage-pein-air/parasols-et-voiles-d-ombrage.html","VOILE D'OMBRAGE 170G 3X4M GREY VES-6276","399,00 MAD","Voir produit","HOME DECO","nouveauté","best seller","Stock Limité","https://www.bricoma.ma/pub/media/catalog/product/cache/91592fba593eb22710bd0e431c05b560/1/2/129844_voile_ombrage_gris_3x4m_png.jpg"
"1789824420-7","https://www.bricoma.ma/jardinage-pein-air/parasols-et-voiles-d-ombrage.html","VOILE D'OMBRAGE 170G 3X4M BEIGE","399,00 MAD","Voir produit","HOME DECO","nouveauté","best seller","Stock Limité","https://www.bricoma.ma/pub/media/catalog/product/cache/91592fba593eb22710bd0e431c05b560/1/2/129845_voile_ombrage_3_x4_m_png.jpg"
"1789824420-8","https://www.bricoma.ma/jardinage-pein-air/parasols-et-voiles-d-ombrage.html","VOILE D'OMBRAGE 170G 3.6X3.6X3.6M GRIS","199,00 MAD","Voir produit","HOME DECO","nouveauté","best seller","Stock Limité","https://www.bricoma.ma/pub/media/catalog/product/cache/91592fba593eb22710bd0e431c05b560/v/o/voile_ombrage_gris_1_1.jpg"
"1789824643-1","https://www.bricoma.ma/jardinage-pein-air/decoration-jardin.html","ROULEAU MOUSTIQUAIRE 1X3 BLANC 174521","145,00 MAD","Voir produit","","nouveauté","best seller","Stock Limité","https://www.bricoma.ma/pub/media/catalog/product/cache/91592fba593eb22710bd0e431c05b560/0/1/010731.jpg"
"1789824643-2","https://www.bricoma.ma/jardinage-pein-air/decoration-jardin.html","CROISIPLAST TREILLAGE PLASTIQUE BLANC","225,00 MAD","Voir produit","","nouveauté","best seller","Stock Limité","https://www.bricoma.ma/pub/media/catalog/product/cache/91592fba593eb22710bd0e431c05b560/0/1/010721_mdf.jpg"
"1789824643-3","https://www.bricoma.ma/jardinage-pein-air/decoration-jardin.html","CROISIPLAST TREILLAGE PLASTIQUE BLANC 1X3M","330,00 MAD","Voir produit","","nouveauté","best seller","Stock Limité","https://www.bricoma.ma/pub/media/catalog/product/cache/91592fba593eb22710bd0e431c05b560/0/1/010723_mdf_1.jpg"
"1789824643-4","https://www.bricoma.ma/jardinage-pein-air/decoration-jardin.html","PANNEAU DECORATIF CLASSIQUE","729,00 MAD","Voir produit","NORTENE","nouveauté","best seller","Stock Limité","https://www.bricoma.ma/pub/media/catalog/product/cache/91592fba593eb22710bd0e431c05b560/0/1/010691_mdf.jpg"
"1789824643-5","https://www.bricoma.ma/jardinage-pein-air/decoration-jardin.html","PANNEAU DECORATIF CLASSIQUE","729,00 MAD","Voir produit","NORTENE","nouveauté","best seller","Stock Limité","https://www.bricoma.ma/pub/media/catalog/product/cache/91592fba593eb22710bd0e431c05b560/0/1/010690_mdf.jpg"
"1789824643-6","https://www.bricoma.ma/jardinage-pein-air/decoration-jardin.html","PANNEAU DECORATIF PRIVAT","859,00 MAD","Voir produit","NORTENE","nouveauté","best seller","Stock Limité","https://www.bricoma.ma/pub/media/catalog/product/cache/91592fba593eb22710bd0e431c05b560/0/1/010688_mdf.jpg"
"1789824643-7","https://www.bricoma.ma/jardinage-pein-air/decoration-jardin.html","PANNEAU DECORATIF PRIVAT","859,00 MAD","Voir produit","NORTENE","nouveauté","best seller","Stock Limité","https://www.bricoma.ma/pub/media/catalog/product/cache/91592fba593eb22710bd0e431c05b560/0/1/010687_mdf.jpg"
"1789824643-8","https://www.bricoma.ma/jardinage-pein-air/decoration-jardin.html","ROULEAU MOUSTIQUAIRE 1X3 VERT","145,00 MAD","Voir produit","","nouveauté","best seller","Stock Limité","https://www.bricoma.ma/pub/media/catalog/product/cache/91592fba593eb22710bd0e431c05b560/0/1/010730.jpg"
"1789824643-9","https://www.bricoma.ma/jardinage-pein-air/decoration-jardin.html","BORDURE EN BOIS","109,00 MAD","Voir produit","","nouveauté","best seller","Stock Limité","https://www.bricoma.ma/pub/media/catalog/product/cache/91592fba593eb22710bd0e431c05b560/1/0/100622_mdf.jpg"
"1789824643-10","https://www.bricoma.ma/jardinage-pein-air/decoration-jardin.html","PANNEAU DECORATIF PRIVAT","999,00 MAD","Voir produit","NORTENE","nouveauté","best seller","Stock Limité","https://www.bricoma.ma/pub/media/catalog/product/cache/91592fba593eb22710bd0e431c05b560/1/0/103425_mdf.jpg"
"1789824643-11","https://www.bricoma.ma/jardinage-pein-air/decoration-jardin.html","PANNEAU DECORATIF PRIVAT","999,00 MAD","Voir produit","NORTENE","nouveauté","best seller","Stock Limité","https://www.bricoma.ma/pub/media/catalog/product/cache/91592fba593eb22710bd0e431c05b560/1/0/103424_mdf.jpg"
"1789824643-12","https://www.bricoma.ma/jardinage-pein-air/decoration-jardin.html","GRILLAGE PANNEAU DIAM 5MM AVEC ACCESSOIRES","769,00 MAD","Voir produit","","nouveauté","best seller","Stock Limité","https://www.bricoma.ma/pub/media/catalog/product/cache/91592fba593eb22710bd0e431c05b560/1/0/106992_mdf.jpg"
"1789824643-13","https://www.bricoma.ma/jardinage-pein-air/decoration-jardin.html","DALLE DE TERRASSE EGAZON SYNTHETIQUE  CD-GRS-1","69,00 MAD","Voir produit","","nouveauté","best seller","Stock Limité","https://www.bricoma.ma/pub/media/catalog/product/cache/91592fba593eb22710bd0e431c05b560/1/0/106690_.png"
"1789824643-14","https://www.bricoma.ma/jardinage-pein-air/decoration-jardin.html","BORDURE JARDIN CARBONIS 80 x 20 x 15 cm","179,00 MAD","Voir produit","","nouveauté","best seller","Stock Limité","https://www.bricoma.ma/pub/media/catalog/product/cache/91592fba593eb22710bd0e431c05b560/1/0/107070-compressed.jpg"
"1789824643-15","https://www.bricoma.ma/jardinage-pein-air/decoration-jardin.html","GAZON ARTIFICIEL 10 MM (1m²)","72,00 MAD","Voir produit","","nouveauté","best seller","Stock Limité","https://www.bricoma.ma/pub/media/catalog/product/cache/91592fba593eb22710bd0e431c05b560/1/0/108497.png"
"1789824643-16","https://www.bricoma.ma/jardinage-pein-air/decoration-jardin.html","TREILLIS EXTENSIBLE FEUILLES DE IVY 1X2M","399,00 MAD","Voir produit","","nouveauté","best seller","Stock Limité","https://www.bricoma.ma/pub/media/catalog/product/cache/91592fba593eb22710bd0e431c05b560/1/0/107954_mdf.jpg"
"1789824652-17","https://www.bricoma.ma/jardinage-pein-air/decoration-jardin.html","HAIE ARTIFICIELLE  FINE 1X3M","299,00 MAD","Voir produit","","nouveauté","best seller","Stock Limité","https://www.bricoma.ma/pub/media/catalog/product/cache/91592fba593eb22710bd0e431c05b560/1/0/107956_mdf.jpg"
"1789824652-18","https://www.bricoma.ma/jardinage-pein-air/decoration-jardin.html","HAIE ARTIFICIELLE  1X3M","459,00 MAD","Voir produit","","nouveauté","best seller","Stock Limité","https://www.bricoma.ma/pub/media/catalog/product/cache/91592fba593eb22710bd0e431c05b560/1/0/107955_mdf.jpg"
"1789824652-19","https://www.bricoma.ma/jardinage-pein-air/decoration-jardin.html","HAIE ARTIFICIELLE FEUILLE DE LAURIER AMANDE","649,00 MAD","Voir produit","","nouveauté","best seller","Stock Limité","https://www.bricoma.ma/pub/media/catalog/product/cache/91592fba593eb22710bd0e431c05b560/1/0/107958_mdf.jpg"
"1789824652-20","https://www.bricoma.ma/jardinage-pein-air/decoration-jardin.html","HAIE ARTIFICIELLE FINE","459,00 MAD","Voir produit","","nouveauté","best seller","Stock Limité","https://www.bricoma.ma/pub/media/catalog/product/cache/91592fba593eb22710bd0e431c05b560/1/0/107957_mdf.jpg"
"1789824652-21","https://www.bricoma.ma/jardinage-pein-air/decoration-jardin.html","MUR VEGETAL TROPICAL 1x1M","849,00 MAD","Voir produit","","nouveauté","best seller","Stock Limité","https://www.bricoma.ma/pub/media/catalog/product/cache/91592fba593eb22710bd0e431c05b560/1/0/107962_mdf.jpg"
"1789824652-22","https://www.bricoma.ma/jardinage-pein-air/decoration-jardin.html","MUR VEGETAL LISERON 1x1M","849,00 MAD","Voir produit","","nouveauté","best seller","Stock Limité","https://www.bricoma.ma/pub/media/catalog/product/cache/91592fba593eb22710bd0e431c05b560/c/a/capture_d_e_cran_2022-04-13_a_12.26.57.png"
"1789824652-23","https://www.bricoma.ma/jardinage-pein-air/decoration-jardin.html","FEUILLAGE ARTIFICIEL JASMIN 0.5X0.5M","129,00 MAD","Voir produit","","nouveauté","best seller","Stock Limité","https://www.bricoma.ma/pub/media/catalog/product/cache/91592fba593eb22710bd0e431c05b560/1/0/107959_mdf.jpg"
"1789824652-24","https://www.bricoma.ma/jardinage-pein-air/decoration-jardin.html","FEUILLAGE ARTIFICIEL LIERRE 0.5X0.5M","129,00 MAD","Voir produit","","nouveauté","best seller","Stock Limité","https://www.bricoma.ma/pub/media/catalog/product/cache/91592fba593eb22710bd0e431c05b560/1/0/107960.jpg"
"1789824652-25","https://www.bricoma.ma/jardinage-pein-air/decoration-jardin.html","FEUILLAGE ARTIFICIELLE COLIMA 0.5X0.5M","129,00 MAD","Voir produit","","nouveauté","best seller","Stock Limité","https://www.bricoma.ma/pub/media/catalog/product/cache/91592fba593eb22710bd0e431c05b560/1/0/107961.jpg"
"1789824652-26","https://www.bricoma.ma/jardinage-pein-air/decoration-jardin.html","TREILLIS EXTENSIBLE FEUILLES DE JASMIN 1X2 M","629,00 MAD","Voir produit","","nouveauté","best seller","Stock Limité","https://www.bricoma.ma/pub/media/catalog/product/cache/91592fba593eb22710bd0e431c05b560/1/0/109178.jpg"
"1789824652-27","https://www.bricoma.ma/jardinage-pein-air/decoration-jardin.html","GRILLAGE CUADRANET 10*10 VERT 1*25M (LE METRE)","39,00 MAD","Voir produit","","nouveauté","best seller","Stock Limité","https://www.bricoma.ma/pub/media/catalog/product/cache/91592fba593eb22710bd0e431c05b560/1/1/112178.jpg"
"1789824652-28","https://www.bricoma.ma/jardinage-pein-air/decoration-jardin.html","CLOTURE HERBE ARTIFICIELLE  2M*10M","3 000,00 MAD","Voir produit","","nouveauté","best seller","Stock Limité","https://www.bricoma.ma/pub/media/catalog/product/cache/91592fba593eb22710bd0e431c05b560/c/a/capture_d_e_cran_2022-03-02_a_15.11.25.png"
"1789824652-29","https://www.bricoma.ma/jardinage-pein-air/decoration-jardin.html","CLOTURE AVEC HERBE ARTIFICIELLE H 1M*10","1 299,00 MAD","Voir produit","","nouveauté","best seller","Stock Limité","https://www.bricoma.ma/pub/media/catalog/product/cache/91592fba593eb22710bd0e431c05b560/c/a/capture_d_e_cran_2022-03-02_a_15.11.25_1.png"
"1789824652-30","https://www.bricoma.ma/jardinage-pein-air/decoration-jardin.html","CLOTURE AVEC HERBE ARTIFICIELLE H 1.5M*10","1 949,00 MAD","Voir produit","","nouveauté","best seller","Stock Limité","https://www.bricoma.ma/pub/media/catalog/product/cache/91592fba593eb22710bd0e431c05b560/c/a/capture_d_e_cran_2022-03-02_a_15.11.25_2.png"
"1789824652-31","https://www.bricoma.ma/jardinage-pein-air/decoration-jardin.html","GAZON ARTIFICIEL CONFORT 20MM (1M²)","159,00 MAD","Voir produit","","nouveauté","best seller","Stock Limité","https://www.bricoma.ma/pub/media/catalog/product/cache/91592fba593eb22710bd0e431c05b560/1/1/114712.png"
"1789824652-32","https://www.bricoma.ma/jardinage-pein-air/decoration-jardin.html","PACK 9 DALLES CLICKFLOOR MADERA 30X30CM","629,00 MAD","Voir produit","CATRAL","nouveauté","best seller","Stock Limité","https://www.bricoma.ma/pub/media/catalog/product/cache/91592fba593eb22710bd0e431c05b560/4/0/40010001_1.jpeg"
"1789824661-33","https://www.bricoma.ma/jardinage-pein-air/decoration-jardin.html","PACK 9 DALLES CLICKFLOOR PIEDRA 30X30CM","579,00 MAD","Voir produit","CATRAL","nouveauté","best seller","Stock Limité","https://www.bricoma.ma/pub/media/catalog/product/cache/91592fba593eb22710bd0e431c05b560/b/a/baldosa-sintetica-lop-imitacion-piedra.jpeg"
"1789824661-34","https://www.bricoma.ma/jardinage-pein-air/decoration-jardin.html","PACK 9 DALLES CLICKFLOOR  PIZARRA 30X30CM","599,00 MAD","Voir produit","CATRAL","nouveauté","best seller","Stock Limité","https://www.bricoma.ma/pub/media/catalog/product/cache/91592fba593eb22710bd0e431c05b560/c/a/capture_d_e_cran_2022-04-08_a_11.10.06.png"
"1789824661-35","https://www.bricoma.ma/jardinage-pein-air/decoration-jardin.html","PACK 5 BORDURES TRONCS CLICKBORDER","249,00 MAD","Voir produit","CATRAL","nouveauté","best seller","Stock Limité","https://www.bricoma.ma/pub/media/catalog/product/cache/91592fba593eb22710bd0e431c05b560/1/1/114569-compressed.jpg"
"1789824661-36","https://www.bricoma.ma/jardinage-pein-air/decoration-jardin.html","PACK 5 BORDURES TRONCS CLICKBORDER 40X20CM","249,00 MAD","Voir produit","CATRAL","nouveauté","best seller","Stock Limité","https://www.bricoma.ma/pub/media/catalog/product/cache/91592fba593eb22710bd0e431c05b560/b/o/bordura-jardin-clickborder-40x20cm-blanca-catral-scaled.jpeg"
"1789824661-37","https://www.bricoma.ma/jardinage-pein-air/decoration-jardin.html","PACK 5 BORDURES TRONCS CLICKBORDER 40X20CM","249,00 MAD","Voir produit","CATRAL","nouveauté","best seller","Stock Limité","https://www.bricoma.ma/pub/media/catalog/product/cache/91592fba593eb22710bd0e431c05b560/b/o/bordura-jardin-clickborder-40x20cm-marron-catral-scaled.jpeg"
"1789824661-38","https://www.bricoma.ma/jardinage-pein-air/decoration-jardin.html","PACK 5 BORDURES TRONCS CLICKBORDER 40X20CM","249,00 MAD","Voir produit","CATRAL","nouveauté","best seller","Stock Limité","https://www.bricoma.ma/pub/media/catalog/product/cache/91592fba593eb22710bd0e431c05b560/b/o/bordura-jardin-clickborder-40x20cm-antracita-scaled.jpeg"
"1789824661-39","https://www.bricoma.ma/jardinage-pein-air/decoration-jardin.html","PACK 5 BORDURES PLANCHE CLICKBORDER","199,00 MAD","Voir produit","CATRAL","nouveauté","best seller","Stock Limité","https://www.bricoma.ma/pub/media/catalog/product/cache/91592fba593eb22710bd0e431c05b560/b/o/bordillo-jardin-clickborder-40x20cm-verde-scaled.jpeg"
"1789824661-40","https://www.bricoma.ma/jardinage-pein-air/decoration-jardin.html","PACK 5 BORDURES PLANCHE CLICKBORDER 40X20CM","199,00 MAD","Voir produit","CATRAL","nouveauté","best seller","Stock Limité","https://www.bricoma.ma/pub/media/catalog/product/cache/91592fba593eb22710bd0e431c05b560/b/o/bordillo-jardin-clickborder-lop-40x20cm-marron-catral-scaled.jpeg"
"1789824661-41","https://www.bricoma.ma/jardinage-pein-air/decoration-jardin.html","PACK 5 BORDURES PLANCHE CLICKBORDER 40X20CM","199,00 MAD","Voir produit","CATRAL","nouveauté","best seller","Stock Limité","https://www.bricoma.ma/pub/media/catalog/product/cache/91592fba593eb22710bd0e431c05b560/b/o/bordillo-jardin-clickborder-lop-40x20cm-antracita-oferta-scaled.jpeg"
"1789824661-42","https://www.bricoma.ma/jardinage-pein-air/decoration-jardin.html","PACK 5 MINI CLOTURES CLICKFENCE 35X55CM","299,00 MAD","Voir produit","CATRAL","nouveauté","best seller","Stock Limité","https://www.bricoma.ma/pub/media/catalog/product/cache/91592fba593eb22710bd0e431c05b560/m/i/mini-vallas-clickfence-lop-40x40cm-blanco-oferta-scaled.jpeg"
"1789824661-43","https://www.bricoma.ma/jardinage-pein-air/decoration-jardin.html","PACK 5 MINI CLOTURES CLICKFENCE 35X55CM","299,00 MAD","Voir produit","CATRAL","nouveauté","best seller","Stock Limité","https://www.bricoma.ma/pub/media/catalog/product/cache/91592fba593eb22710bd0e431c05b560/m/i/mini-vallas-clickfence-lop-40x40cm-marron-oferta-scaled.jpeg"
"1789824661-44","https://www.bricoma.ma/jardinage-pein-air/decoration-jardin.html","PACK 2 CHARNIERES CLICKFENCE 16.5X13.8CM VERT","30,00 MAD","Voir produit","CATRAL","nouveauté","best seller","Stock Limité","https://www.bricoma.ma/pub/media/catalog/product/cache/91592fba593eb22710bd0e431c05b560/b/i/bisagras-clickfence-verde-scaled.jpeg"
"1789824661-45","https://www.bricoma.ma/jardinage-pein-air/decoration-jardin.html","PACK 2 CHARNIERES CLICKFENCE 16.5X13.8CM","30,00 MAD","Voir produit","CATRAL","nouveauté","best seller","Stock Limité","https://www.bricoma.ma/pub/media/catalog/product/cache/91592fba593eb22710bd0e431c05b560/b/i/bisagras-clickfence-blanco-1000x1000.jpeg"
"1789824661-46","https://www.bricoma.ma/jardinage-pein-air/decoration-jardin.html","PACK 2 CHARNIERES CLICKFENCE 16.5X13.8CM","30,00 MAD","Voir produit","CATRAL","nouveauté","best seller","Stock Limité","https://www.bricoma.ma/pub/media/catalog/product/cache/91592fba593eb22710bd0e431c05b560/5/1/51_0laapvfl._ac_sl1080_.jpg"
"1789824661-47","https://www.bricoma.ma/jardinage-pein-air/decoration-jardin.html","GAZON ARTIFICIEL CONFORT 30MM (1M²)","195,00 MAD","Voir produit","","nouveauté","best seller","Stock Limité","https://www.bricoma.ma/pub/media/catalog/product/cache/91592fba593eb22710bd0e431c05b560/1/1/114814.png"
"1789824661-48","https://www.bricoma.ma/jardinage-pein-air/decoration-jardin.html","LOT 2 SACS DE POID A REMPLIR POUR PARASOL 45X45X18 CM","399,00 MAD","Voir produit","","nouveauté","best seller","Stock Limité","https://www.bricoma.ma/pub/media/catalog/product/cache/91592fba593eb22710bd0e431c05b560/1/1/115310_.jpg"
"1789824670-49","https://www.bricoma.ma/jardinage-pein-air/decoration-jardin.html","PARASOL INCLINABLE AVEC MANIVELLE CHAMPAGNE","849,00 MAD","Voir produit","","nouveauté","best seller","Stock Limité","https://www.bricoma.ma/pub/media/catalog/product/cache/91592fba593eb22710bd0e431c05b560/1/1/115318_.jpg"
"1789824670-50","https://www.bricoma.ma/jardinage-pein-air/decoration-jardin.html","TAPIS SPAGHETTI NOIR 1.20M/METRE LINEAIRE","169,00 MAD","Voir produit","","nouveauté","best seller","Stock Limité","https://www.bricoma.ma/pub/media/catalog/product/cache/91592fba593eb22710bd0e431c05b560/1/1/115368.jpg"
"1789824670-51","https://www.bricoma.ma/jardinage-pein-air/decoration-jardin.html","TAPIS SPAGHETTI GRIS 1.20M/METRE LINEAIRE","169,00 MAD","Voir produit","","nouveauté","best seller","Stock Limité","https://www.bricoma.ma/pub/media/catalog/product/cache/91592fba593eb22710bd0e431c05b560/1/1/115369.jpg"
"1789824670-52","https://www.bricoma.ma/jardinage-pein-air/decoration-jardin.html","TAPIS SPAGHETTI ROUGE 1.20M/METRE LINEAIRE","169,00 MAD","Voir produit","","nouveauté","best seller","Stock Limité","https://www.bricoma.ma/pub/media/catalog/product/cache/91592fba593eb22710bd0e431c05b560/1/1/115371.jpg"
"1789824670-53","https://www.bricoma.ma/jardinage-pein-air/decoration-jardin.html","PANNEAU DECORATIF NAUTIC 1X1M","549,00 MAD","Voir produit","NORTENE","nouveauté","best seller","Stock Limité","https://www.bricoma.ma/pub/media/catalog/product/cache/91592fba593eb22710bd0e431c05b560/c/a/capture_d_e_cran_2022-10-04_a_08.58.00.png"
"1789824670-54","https://www.bricoma.ma/jardinage-pein-air/decoration-jardin.html","PANNEAU NAUTIC 1x1M ANTHRACITE","549,00 MAD","Voir produit","NORTENE","nouveauté","best seller","Stock Limité","https://www.bricoma.ma/pub/media/catalog/product/cache/91592fba593eb22710bd0e431c05b560/n/a/nautic.png"
"1789824670-55","https://www.bricoma.ma/jardinage-pein-air/decoration-jardin.html","PANNEAU DECORATIF MOON 1X1M","549,00 MAD","Voir produit","NORTENE","nouveauté","best seller","Stock Limité","https://www.bricoma.ma/pub/media/catalog/product/cache/91592fba593eb22710bd0e431c05b560/c/a/capture_d_e_cran_2022-10-04_a_09.00.03.png"
"1789824670-56","https://www.bricoma.ma/jardinage-pein-air/decoration-jardin.html","PANNEAU DECORATIF MOON 1X1M","549,00 MAD","Voir produit","NORTENE","nouveauté","best seller","Stock Limité","https://www.bricoma.ma/pub/media/catalog/product/cache/91592fba593eb22710bd0e431c05b560/2/0/2019490_a.jpeg"
"1789824670-57","https://www.bricoma.ma/jardinage-pein-air/decoration-jardin.html","GAZON ARTIFICIEL ARENA 20MM","150,00 MAD","Voir produit","","nouveauté","best seller","Stock Limité","https://www.bricoma.ma/pub/media/catalog/product/cache/91592fba593eb22710bd0e431c05b560/1/1/116836_.jpg"
"1789824670-58","https://www.bricoma.ma/jardinage-pein-air/decoration-jardin.html","DALLE DE TERRASSE CLIPSABLE VES-4303","49,00 MAD","Voir produit","","nouveauté","best seller","Stock Limité","https://www.bricoma.ma/pub/media/catalog/product/cache/91592fba593eb22710bd0e431c05b560/1/1/118137_.jpg"
"1789824670-59","https://www.bricoma.ma/jardinage-pein-air/decoration-jardin.html","CLOTURE AVEC HERBE ARTIFICIELLE 1.5 X 5M","1 090,00 MAD","Voir produit","","nouveauté","best seller","Stock Limité","https://www.bricoma.ma/pub/media/catalog/product/cache/91592fba593eb22710bd0e431c05b560/1/0/100620.jpg"
"1789824670-60","https://www.bricoma.ma/jardinage-pein-air/decoration-jardin.html","PARASOL 3/3 V LED SOLAIRE AVEC SOCLE","6 590,00 MAD","Voir produit","","nouveauté","best seller","Stock Limité","https://www.bricoma.ma/pub/media/catalog/product/cache/91592fba593eb22710bd0e431c05b560/1/2/123237-compressed.jpg"
"1789824670-61","https://www.bricoma.ma/jardinage-pein-air/decoration-jardin.html","PERGOLA MURALE ELLIOT 8 M2 EN ALUMINIUM ET POLYCARBONATE GARDIUN MARQUISE","9 999,00 MAD","Voir produit","GARDIUN","nouveauté","best seller","Stock Limité","https://www.bricoma.ma/pub/media/catalog/product/cache/91592fba593eb22710bd0e431c05b560/1/2/125265.jpg"
"1789824670-62","https://www.bricoma.ma/jardinage-pein-air/decoration-jardin.html","TAPIS Z- NOIR 5MM LARGEUR1,20M (ML)","199,00 MAD","Voir produit","","nouveauté","best seller","Stock Limité","https://www.bricoma.ma/pub/media/catalog/product/cache/91592fba593eb22710bd0e431c05b560/t/a/tapis_z-_noir_5mm_largeur1_20m_ml_2_.png"
"1789824670-63","https://www.bricoma.ma/jardinage-pein-air/decoration-jardin.html","TAPIS Z NOIR 5MM LARGEUR 0,9M (ML)","169,00 MAD","Voir produit","","nouveauté","best seller","Stock Limité","https://www.bricoma.ma/pub/media/catalog/product/cache/91592fba593eb22710bd0e431c05b560/t/a/tapis_z_noir_5mm_largeur_0_9m_ml_1_.png"
"1789824670-64","https://www.bricoma.ma/jardinage-pein-air/decoration-jardin.html","TAPIS Z ROUGE 5MM LARGEUR 0,9M (ML)","169,00 MAD","Voir produit","","nouveauté","best seller","Stock Limité","https://www.bricoma.ma/pub/media/catalog/product/cache/91592fba593eb22710bd0e431c05b560/t/a/tapis_z_rouge_5mm_largeur_0_9m_ml_1_.jpg"
"1789824712-65","https://www.bricoma.ma/jardinage-pein-air/decoration-jardin.html","TAPIS Z- ROUGE 5MM LARGEUR1,20M (ML)","199,00 MAD","Voir produit","","nouveauté","best seller","Stock Limité","https://www.bricoma.ma/pub/media/catalog/product/cache/91592fba593eb22710bd0e431c05b560/t/a/tapis_z-_rouge_5mm_largeur1_20m_ml_1_.jpg"
"1789824712-66","https://www.bricoma.ma/jardinage-pein-air/decoration-jardin.html","TAPIS Z- GRIS 5MM LARGEUR1,20M (ML)","199,00 MAD","Voir produit","","nouveauté","best seller","Stock Limité","https://www.bricoma.ma/pub/media/catalog/product/cache/91592fba593eb22710bd0e431c05b560/t/a/tapis_z-_gris_5mm_largeur1_20m_ml_2_.jpg"
"1789824712-67","https://www.bricoma.ma/jardinage-pein-air/decoration-jardin.html","TAPIS Z GRIS 5MM LARGEUR 0,9M (ML)","169,00 MAD","Voir produit","","nouveauté","best seller","Stock Limité","https://www.bricoma.ma/pub/media/catalog/product/cache/91592fba593eb22710bd0e431c05b560/t/a/tapis_z_gris_5mm_largeur_0_9m_ml_1_.jpg"
"1789824712-68","https://www.bricoma.ma/jardinage-pein-air/decoration-jardin.html","PIERRES DÉCORATIVES GALETS COLORÉS 2KG 4-6MM-PR38-046","25,00 MAD","Voir produit","PRISMA HOME","nouveauté","best seller","Stock Limité","https://www.bricoma.ma/pub/media/catalog/product/cache/91592fba593eb22710bd0e431c05b560/1/2/128504_.png"
"1789824712-69","https://www.bricoma.ma/jardinage-pein-air/decoration-jardin.html","PIERRES DÉCORATIVES ARDOISE VERTE 650G 1-3CM-PRCS-108","15,00 MAD","Voir produit","PRISMA HOME","nouveauté","best seller","Stock Limité","https://www.bricoma.ma/pub/media/catalog/product/cache/91592fba593eb22710bd0e431c05b560/1/2/128513.png"
"1789824712-70","https://www.bricoma.ma/jardinage-pein-air/decoration-jardin.html","PIERRES DÉCORATIVES ARDOISE GRENAT 650G 1-3CM-PRCS-112","15,00 MAD","Voir produit","PRISMA HOME","nouveauté","best seller","Stock Limité","https://www.bricoma.ma/pub/media/catalog/product/cache/91592fba593eb22710bd0e431c05b560/1/2/128514.png"
"1789824712-71","https://www.bricoma.ma/jardinage-pein-air/decoration-jardin.html","COQUILLAGES DÉCORATIFS 850G-PRSSM-101","59,00 MAD","Voir produit","PRISMA HOME","nouveauté","best seller","Stock Limité","https://www.bricoma.ma/pub/media/catalog/product/cache/91592fba593eb22710bd0e431c05b560/1/2/128521.png"
"1789824712-72","https://www.bricoma.ma/jardinage-pein-air/decoration-jardin.html","PIERRES DÉCORATIVES POLIES NOIRES 2KG 8-12MM-PR01-812","20,00 MAD","Voir produit","PRISMA HOME","nouveauté","best seller","Stock Limité","https://www.bricoma.ma/pub/media/catalog/product/cache/91592fba593eb22710bd0e431c05b560/1/2/128505_1.png"
"1789824712-73","https://www.bricoma.ma/jardinage-pein-air/decoration-jardin.html","PIERRES DÉCORATIVES POLIES COLORÉES 2KG 1-2 CM-PR05-102","16,00 MAD","Voir produit","PRISMA HOME","nouveauté","best seller","Stock Limité","https://www.bricoma.ma/pub/media/catalog/product/cache/91592fba593eb22710bd0e431c05b560/1/2/128506.png"
"1789824712-74","https://www.bricoma.ma/jardinage-pein-air/decoration-jardin.html","PIERRES DÉCORATIVES GLAZE NOIRES 1KG  17-19MM-PRGN-117","35,00 MAD","Voir produit","PRISMA HOME","nouveauté","best seller","Stock Limité","https://www.bricoma.ma/pub/media/catalog/product/cache/91592fba593eb22710bd0e431c05b560/1/2/128509.png"
"1789824712-75","https://www.bricoma.ma/jardinage-pein-air/decoration-jardin.html","COQUILLAGES DÉCORATIFS 650G-PRSS-129","79,00 MAD","Voir produit","PRISMA HOME","nouveauté","best seller","Stock Limité","https://www.bricoma.ma/pub/media/catalog/product/cache/91592fba593eb22710bd0e431c05b560/1/2/128522.png"
"1789824712-76","https://www.bricoma.ma/jardinage-pein-air/decoration-jardin.html","COQUILLAGES DÉCORATIFS 550G-PRSS-104","59,00 MAD","Voir produit","PRISMA HOME","nouveauté","best seller","Stock Limité","https://www.bricoma.ma/pub/media/catalog/product/cache/91592fba593eb22710bd0e431c05b560/1/2/128520.png"
"1789824712-77","https://www.bricoma.ma/jardinage-pein-air/decoration-jardin.html","COQUILLAGES DÉCORATIFS 600G-PRSS-1577","59,00 MAD","Voir produit","PRISMA HOME","nouveauté","best seller","Stock Limité","https://www.bricoma.ma/pub/media/catalog/product/cache/91592fba593eb22710bd0e431c05b560/1/2/128523.png"
"1789824712-78","https://www.bricoma.ma/jardinage-pein-air/decoration-jardin.html","COQUILLAGES DÉCORATIFS BROYÉS 700 G  2-4CM-PRCSS-116","24,00 MAD","Voir produit","PRISMA HOME","nouveauté","best seller","Stock Limité","https://www.bricoma.ma/pub/media/catalog/product/cache/91592fba593eb22710bd0e431c05b560/1/2/128524_1.png"
"1789824712-79","https://www.bricoma.ma/jardinage-pein-air/decoration-jardin.html","PIERRES DÉCORATIVES GALETS BLANCS 2KG 8-12MM-PR10-812","24,00 MAD","Voir produit","PRISMA HOME","nouveauté","best seller","Stock Limité","https://www.bricoma.ma/pub/media/catalog/product/cache/91592fba593eb22710bd0e431c05b560/1/2/128511_.png"
"1789824712-80","https://www.bricoma.ma/jardinage-pein-air/decoration-jardin.html","PIERRES DÉCORATIVES GALETS GRIS 2KG 1-2CM-PR07-102","20,00 MAD","Voir produit","PRISMA HOME","nouveauté","best seller","Stock Limité","https://www.bricoma.ma/pub/media/catalog/product/cache/91592fba593eb22710bd0e431c05b560/1/2/128517_.png"
"1789824721-81","https://www.bricoma.ma/jardinage-pein-air/decoration-jardin.html","PIERRES DÉCORATIVES GALETS MOUCHETÉS 1.8KG 1-2CM-PR49-102","25,00 MAD","Voir produit","PRISMA HOME","nouveauté","best seller","Stock Limité","https://www.bricoma.ma/pub/media/catalog/product/cache/91592fba593eb22710bd0e431c05b560/1/2/128518_.png"
"1789824721-82","https://www.bricoma.ma/jardinage-pein-air/decoration-jardin.html","PIERRES DÉCORATIVES GALETS ROSE INDIEN 750G 5-8MM-PRP111-058","15,00 MAD","Voir produit","PRISMA HOME","nouveauté","best seller","Stock Limité","https://www.bricoma.ma/pub/media/catalog/product/cache/91592fba593eb22710bd0e431c05b560/1/2/128515.png"
"1789824721-83","https://www.bricoma.ma/jardinage-pein-air/decoration-jardin.html","PIERRES DÉCORATIVES JADE 2KG 1-2CM-PR34-102","25,00 MAD","Voir produit","PRISMA HOME","nouveauté","best seller","Stock Limité","https://www.bricoma.ma/pub/media/catalog/product/cache/91592fba593eb22710bd0e431c05b560/1/2/128516_.png"
"1789824721-84","https://www.bricoma.ma/jardinage-pein-air/decoration-jardin.html","PIERRES DÉCORATIVES BLANCHES 2KG  1-2CM-PR06-102","20,00 MAD","Voir produit","PRISMA HOME","nouveauté","best seller","Stock Limité","https://www.bricoma.ma/pub/media/catalog/product/cache/91592fba593eb22710bd0e431c05b560/1/2/128507.png"
"1789824721-85","https://www.bricoma.ma/jardinage-pein-air/decoration-jardin.html","PIERRES DÉCORATIVES GLAZE BLANCHES 1KG 17-19MM-PRGN-116","35,00 MAD","Voir produit","PRISMA HOME","nouveauté","best seller","Stock Limité","https://www.bricoma.ma/pub/media/catalog/product/cache/91592fba593eb22710bd0e431c05b560/1/2/128508.png"
"1789824721-86","https://www.bricoma.ma/jardinage-pein-air/decoration-jardin.html","PIERRES DÉCORATIVES CRYSTALISÉES VERTES 800 G  1-2CM-PRGN-102F","24,00 MAD","Voir produit","PRISMA HOME","nouveauté","best seller","Stock Limité","https://www.bricoma.ma/pub/media/catalog/product/cache/91592fba593eb22710bd0e431c05b560/1/2/128510.png"
"1789824721-87","https://www.bricoma.ma/jardinage-pein-air/decoration-jardin.html","PIERRES DÉCORATIVES ARDOISE JAUNE 650G 1-3CM-PRCS-101","15,00 MAD","Voir produit","PRISMA HOME","nouveauté","best seller","Stock Limité","https://www.bricoma.ma/pub/media/catalog/product/cache/91592fba593eb22710bd0e431c05b560/1/2/128512.png"
"1789824721-88","https://www.bricoma.ma/jardinage-pein-air/decoration-jardin.html","PIERRES DÉCORATIVES LAVE 950G 3-5CM-PR02-305","24,00 MAD","Voir produit","PRISMA HOME","nouveauté","best seller","Stock Limité","https://www.bricoma.ma/pub/media/catalog/product/cache/91592fba593eb22710bd0e431c05b560/1/2/128519.png"
"1789824721-89","https://www.bricoma.ma/jardinage-pein-air/decoration-jardin.html","SUN NET voile d’ombrage 200X10M","313,00 MAD","Voir produit","NORTENE","nouveauté","best seller","Stock Limité","https://www.bricoma.ma/pub/media/catalog/product/cache/91592fba593eb22710bd0e431c05b560/2/7/27862_.png"
"1789824721-90","https://www.bricoma.ma/jardinage-pein-air/decoration-jardin.html","SUN NET VOILE D'OMBRAGE","175,00 MAD","Voir produit","NORTENE","nouveauté","best seller","Stock Limité","https://www.bricoma.ma/pub/media/catalog/product/cache/91592fba593eb22710bd0e431c05b560/3/3/33712_mdf2.jpg"
"1789824721-91","https://www.bricoma.ma/jardinage-pein-air/decoration-jardin.html","SUN NET VOILE D'OMBRAGE","207,00 MAD","Voir produit","NORTENE","nouveauté","best seller","Stock Limité","https://www.bricoma.ma/pub/media/catalog/product/cache/91592fba593eb22710bd0e431c05b560/2/7/27859_mdf.png"
"1789824721-92","https://www.bricoma.ma/jardinage-pein-air/decoration-jardin.html","SUN NET VOILE D'OMBRAGE BLANC 400X5M","349,00 MAD","Voir produit","NORTENE","nouveauté","best seller","Stock Limité","https://www.bricoma.ma/pub/media/catalog/product/cache/91592fba593eb22710bd0e431c05b560/2/7/27864_mdf.jpg"
"1789824721-93","https://www.bricoma.ma/jardinage-pein-air/decoration-jardin.html","SUN NET VOILE D'OMBRAGE 400X5M","394,00 MAD","Voir produit","","nouveauté","best seller","Stock Limité","https://www.bricoma.ma/pub/media/catalog/product/cache/91592fba593eb22710bd0e431c05b560/2/7/27860..jpg"
"1789824721-94","https://www.bricoma.ma/jardinage-pein-air/decoration-jardin.html","BRISE VUE EXTRANET","419,00 MAD","Voir produit","NORTENE","nouveauté","best seller","Stock Limité","https://www.bricoma.ma/pub/media/catalog/product/cache/91592fba593eb22710bd0e431c05b560/2/7/27879_mdf.jpg"
"1789824721-95","https://www.bricoma.ma/jardinage-pein-air/decoration-jardin.html","GRILLAGE MÉTALLIQUE FENSANET","399,00 MAD","Voir produit","NORTENE","nouveauté","best seller","Stock Limité","https://www.bricoma.ma/pub/media/catalog/product/cache/91592fba593eb22710bd0e431c05b560/2/7/27899_mdf.jpg"
"1789824721-96","https://www.bricoma.ma/jardinage-pein-air/decoration-jardin.html","GRILLAGE MÉTALLIQUE VERT FENSANET","435,00 MAD","Voir produit","NORTENE","nouveauté","best seller","Stock Limité","https://www.bricoma.ma/pub/media/catalog/product/cache/91592fba593eb22710bd0e431c05b560/2/7/27900_mdf_1.jpg"
"1789824730-97","https://www.bricoma.ma/jardinage-pein-air/decoration-jardin.html","GRILLAGE MÉTALLIQUE FENSANET 50X5m","325,00 MAD","Voir produit","NORTENE","nouveauté","best seller","Stock Limité","https://www.bricoma.ma/pub/media/catalog/product/cache/91592fba593eb22710bd0e431c05b560/2/7/27895_mdf.jpg"
"1789824730-98","https://www.bricoma.ma/jardinage-pein-air/decoration-jardin.html","GRILLAGE METALLIQUE  FENSANET 100X5m","639,00 MAD","Voir produit","NORTENE","nouveauté","best seller","Stock Limité","https://www.bricoma.ma/pub/media/catalog/product/cache/91592fba593eb22710bd0e431c05b560/2/7/27903_mdf.jpg"
"1789824730-99","https://www.bricoma.ma/jardinage-pein-air/decoration-jardin.html","GRILLAGE MÉTALLIQUE VERT FENSANET 100X5m","299,00 MAD","Voir produit","NORTENE","nouveauté","best seller","Stock Limité","https://www.bricoma.ma/pub/media/catalog/product/cache/91592fba593eb22710bd0e431c05b560/2/7/27902_mdf.jpg"
"1789824730-100","https://www.bricoma.ma/jardinage-pein-air/decoration-jardin.html","GRILLAGE MÉTALLIQUE FENSANET 100X5M","589,00 MAD","Voir produit","NORTENE","nouveauté","best seller","Stock Limité","https://www.bricoma.ma/pub/media/catalog/product/cache/91592fba593eb22710bd0e431c05b560/2/7/27905_mdf.jpg"
"1789824730-101","https://www.bricoma.ma/jardinage-pein-air/decoration-jardin.html","GRILLAGE MÉTALLIQUE FENSANET 100X5M","465,00 MAD","Voir produit","NORTENE","nouveauté","best seller","Stock Limité","https://www.bricoma.ma/pub/media/catalog/product/cache/91592fba593eb22710bd0e431c05b560/2/7/27904_mdf.jpg"
"1789824730-102","https://www.bricoma.ma/jardinage-pein-air/decoration-jardin.html","GRILLAGE MÉTALLIQUE FENSANET","629,00 MAD","Voir produit","NORTENE","nouveauté","best seller","Stock Limité","https://www.bricoma.ma/pub/media/catalog/product/cache/91592fba593eb22710bd0e431c05b560/2/7/27898._.jpg"
"1789824730-103","https://www.bricoma.ma/jardinage-pein-air/decoration-jardin.html","GALVANEX PLAST 19/100x10M","515,00 MAD","Voir produit","","nouveauté","best seller","Stock Limité","https://www.bricoma.ma/pub/media/catalog/product/cache/91592fba593eb22710bd0e431c05b560/2/7/27887_mdf.jpg"
"1789824730-104","https://www.bricoma.ma/jardinage-pein-air/decoration-jardin.html","GRILLAGE MÉTALLIQUE FENSANET","189,00 MAD","Voir produit","NORTENE","nouveauté","best seller","Stock Limité","https://www.bricoma.ma/pub/media/catalog/product/cache/91592fba593eb22710bd0e431c05b560/3/2/32422_mdf.jpg"
"1789824730-105","https://www.bricoma.ma/jardinage-pein-air/decoration-jardin.html","GRILLAGE HEXAMAS 1*25MV (M)","49,00 MAD","Voir produit","","nouveauté","best seller","Stock Limité","https://www.bricoma.ma/pub/media/catalog/product/cache/91592fba593eb22710bd0e431c05b560/3/5/35470_mdf.jpg"
"1789824730-106","https://www.bricoma.ma/jardinage-pein-air/decoration-jardin.html","GRILLAGE WINDANET 1*30MV (M)","58,00 MAD","Voir produit","","nouveauté","best seller","Stock Limité","https://www.bricoma.ma/pub/media/catalog/product/cache/91592fba593eb22710bd0e431c05b560/3/5/35471_mdf.jpg"
"1789824730-107","https://www.bricoma.ma/jardinage-pein-air/decoration-jardin.html","GAZON ARTIFICIEL (LE ML)","279,00 MAD","Voir produit","","nouveauté","best seller","Stock Limité","https://www.bricoma.ma/pub/media/catalog/product/cache/91592fba593eb22710bd0e431c05b560/3/8/38692_mdf.jpg"
"1789824730-108","https://www.bricoma.ma/jardinage-pein-air/decoration-jardin.html","GRILLAGE FLORANET VERT 0.60 (LE METRE)","42,00 MAD","Voir produit","","nouveauté","best seller","Stock Limité","https://www.bricoma.ma/pub/media/catalog/product/cache/91592fba593eb22710bd0e431c05b560/4/1/41885_mdf.jpg"
"1789824730-109","https://www.bricoma.ma/jardinage-pein-air/decoration-jardin.html","GRILLAGE CUADRANET MARRON 1 (LE METRE)","59,00 MAD","Voir produit","","nouveauté","best seller","Stock Limité","https://www.bricoma.ma/pub/media/catalog/product/cache/91592fba593eb22710bd0e431c05b560/4/1/41888_mdf.jpg"
"1789824730-110","https://www.bricoma.ma/jardinage-pein-air/decoration-jardin.html","BORDURE EN BOIS 20x250 DIAM 7CM","239,00 MAD","Voir produit","","nouveauté","best seller","Stock Limité","https://www.bricoma.ma/pub/media/catalog/product/cache/91592fba593eb22710bd0e431c05b560/4/1/41916_mdf.jpg"
"1789824730-111","https://www.bricoma.ma/jardinage-pein-air/decoration-jardin.html","BORDURE EN BOIS 30x250 DIAM 7CM","319,00 MAD","Voir produit","","nouveauté","best seller","Stock Limité","https://www.bricoma.ma/pub/media/catalog/product/cache/91592fba593eb22710bd0e431c05b560/4/1/41917_mdf.jpg"
"1789824730-112","https://www.bricoma.ma/jardinage-pein-air/decoration-jardin.html","BORDURE EN BOIS 40x250 DIAM 7 CM","435,00 MAD","Voir produit","","nouveauté","best seller","Stock Limité","https://www.bricoma.ma/pub/media/catalog/product/cache/91592fba593eb22710bd0e431c05b560/4/1/41918_mdf.jpg"
"1789824739-113","https://www.bricoma.ma/jardinage-pein-air/decoration-jardin.html","BORDURE EN BOIS 40x200 DIAM 5CM","269,00 MAD","Voir produit","","nouveauté","best seller","Stock Limité","https://www.bricoma.ma/pub/media/catalog/product/cache/91592fba593eb22710bd0e431c05b560/4/1/41921_mdf.jpg"
"1789824739-114","https://www.bricoma.ma/jardinage-pein-air/decoration-jardin.html","GRILLAGE FLORANET VERT 0.40 (LE METRE)","26,90 MAD","Voir produit","","nouveauté","best seller","Stock Limité","https://www.bricoma.ma/pub/media/catalog/product/cache/91592fba593eb22710bd0e431c05b560/1/1/114689.png"
"1789824739-115","https://www.bricoma.ma/jardinage-pein-air/decoration-jardin.html","BRISE VUE EXTRANET 2X10m","449,00 MAD","Voir produit","NORTENE","nouveauté","best seller","Stock Limité","https://www.bricoma.ma/pub/media/catalog/product/cache/91592fba593eb22710bd0e431c05b560/4/9/49025_mdf.jpg"
"1789824739-116","https://www.bricoma.ma/jardinage-pein-air/decoration-jardin.html","GRILLAGE MÉTALLIQUE FENSANET","390,00 MAD","Voir produit","NORTENE","nouveauté","best seller","Stock Limité","https://www.bricoma.ma/pub/media/catalog/product/cache/91592fba593eb22710bd0e431c05b560/4/9/49026_mdf.jpg"
"1789824739-117","https://www.bricoma.ma/jardinage-pein-air/decoration-jardin.html","PIERRE DECORATIVE 12/18","125,00 MAD","Voir produit","","nouveauté","best seller","Stock Limité","https://www.bricoma.ma/pub/media/catalog/product/cache/91592fba593eb22710bd0e431c05b560/5/4/54780_copie.png"
"1789824739-118","https://www.bricoma.ma/jardinage-pein-air/decoration-jardin.html","PIERRE DECORATIVE 20.40","125,00 MAD","Voir produit","","nouveauté","best seller","Stock Limité","https://www.bricoma.ma/pub/media/catalog/product/cache/91592fba593eb22710bd0e431c05b560/5/4/54780_copie.png"
"1789824739-119","https://www.bricoma.ma/jardinage-pein-air/decoration-jardin.html","GRILLAGE CUADRANET  BLANC (LE METRE)","59,00 MAD","Voir produit","NORTENE","nouveauté","best seller","Stock Limité","https://www.bricoma.ma/pub/media/catalog/product/cache/91592fba593eb22710bd0e431c05b560/7/1/7176_mdf.jpg"
"1789824739-120","https://www.bricoma.ma/jardinage-pein-air/decoration-jardin.html","BRISE VUE EXTRANET","439,00 MAD","Voir produit","NORTENE","nouveauté","best seller","Stock Limité","https://www.bricoma.ma/pub/media/catalog/product/cache/91592fba593eb22710bd0e431c05b560/9/0/90453._1.jpg"
"1789824739-121","https://www.bricoma.ma/jardinage-pein-air/decoration-jardin.html","PANNEAU DECORATIF MOSAIC","1 119,00 MAD","Voir produit","NORTENE","nouveauté","best seller","Stock Limité","https://www.bricoma.ma/pub/media/catalog/product/cache/91592fba593eb22710bd0e431c05b560/9/1/91693_mdf.jpg"
"1789824739-122","https://www.bricoma.ma/jardinage-pein-air/decoration-jardin.html","PANNEAU DECORATIF MOSAIC","1 119,00 MAD","Voir produit","NORTENE","nouveauté","best seller","Stock Limité","https://www.bricoma.ma/pub/media/catalog/product/cache/91592fba593eb22710bd0e431c05b560/9/1/91692_mdf.jpg"
"1789824739-123","https://www.bricoma.ma/jardinage-pein-air/decoration-jardin.html","BILLES DECORATIVES","20,00 MAD","Voir produit","","nouveauté","best seller","Stock Limité","https://www.bricoma.ma/pub/media/catalog/product/cache/91592fba593eb22710bd0e431c05b560/9/4/94443_mdf.jpg"
"1789824739-124","https://www.bricoma.ma/jardinage-pein-air/decoration-jardin.html","BILLES DECORATIVES","22,00 MAD","Voir produit","","nouveauté","best seller","Stock Limité","https://www.bricoma.ma/pub/media/catalog/product/cache/91592fba593eb22710bd0e431c05b560/9/4/94444_mdf.jpg"
"1789824739-125","https://www.bricoma.ma/jardinage-pein-air/decoration-jardin.html","FIL BARBELE JP13 100X4P","129,00 MAD","Voir produit","","nouveauté","best seller","Stock Limité","https://www.bricoma.ma/pub/media/catalog/product/cache/91592fba593eb22710bd0e431c05b560/9/5/95176_mdf.jpg"
"1789824739-126","https://www.bricoma.ma/jardinage-pein-air/decoration-jardin.html","GRILLAGE SIMPLE TORSION PLASTIFIE MAILLE 70","1 319,00 MAD","Voir produit","","nouveauté","best seller","Stock Limité","https://www.bricoma.ma/pub/media/catalog/product/cache/91592fba593eb22710bd0e431c05b560/9/5/95193_mdf.jpg"
"1789824739-127","https://www.bricoma.ma/jardinage-pein-air/decoration-jardin.html","FIL PLASTIFIE 10KG JP17","265,00 MAD","Voir produit","","nouveauté","best seller","Stock Limité","https://www.bricoma.ma/pub/media/catalog/product/cache/91592fba593eb22710bd0e431c05b560/9/5/95196_mdf.jpg"
"1789821832-1","https://www.bricoma.ma/jardinage-pein-air/meubles-exterieur.html","SALON DE JARDIN MANHATTAN","3 995,00 MAD","Voir produit","SHAF","nouveauté","best seller","Stock Limité","https://www.bricoma.ma/pub/media/catalog/product/cache/91592fba593eb22710bd0e431c05b560/s/a/salon_de_jardin_manhattan_1_.jpg"
"1789821832-2","https://www.bricoma.ma/jardinage-pein-air/meubles-exterieur.html","PIED DE PARASOL A REMPLIR BLANC / MPOD-S449","75,00 MAD","Voir produit","","nouveauté","best seller","Stock Limité","https://www.bricoma.ma/pub/media/catalog/product/cache/91592fba593eb22710bd0e431c05b560/p/i/pied_de_parasol_a_remplir_blanc_mpod-s449_3_.jpg"
"1789821832-3","https://www.bricoma.ma/jardinage-pein-air/meubles-exterieur.html","CHAISE ELBA","219,00 MAD","Voir produit","NARDI","nouveauté","best seller","Stock Limité","https://www.bricoma.ma/pub/media/catalog/product/cache/91592fba593eb22710bd0e431c05b560/c/h/chaise_elba_1_.jpg"
"1789821832-4","https://www.bricoma.ma/jardinage-pein-air/meubles-exterieur.html","CHAISE ENFANT ARIEL ROUGE","79,00 MAD","Voir produit","NARDI","nouveauté","best seller","Stock Limité","https://www.bricoma.ma/pub/media/catalog/product/cache/91592fba593eb22710bd0e431c05b560/c/h/chaise_enfant_ariel_rouge.jpg"
"1789821832-5","https://www.bricoma.ma/jardinage-pein-air/meubles-exterieur.html","TABLE BABY ALODIN BLEU","355,00 MAD","Voir produit","","nouveauté","best seller","Stock Limité","https://www.bricoma.ma/pub/media/catalog/product/cache/91592fba593eb22710bd0e431c05b560/t/a/table_baby_alodin_bleu_2.jpg"
"1789821832-6","https://www.bricoma.ma/jardinage-pein-air/meubles-exterieur.html","TABLE BABY ALODIN ROUGE","355,00 MAD","Voir produit","","nouveauté","best seller","Stock Limité","https://www.bricoma.ma/pub/media/catalog/product/cache/91592fba593eb22710bd0e431c05b560/t/a/table_baby_alodin_rouge_1.jpg"
"1789821832-7","https://www.bricoma.ma/jardinage-pein-air/meubles-exterieur.html","CHAISE EMPILABLE BALI EN TECK","1 199,00 MAD","Voir produit","","nouveauté","best seller","Stock Limité","https://www.bricoma.ma/pub/media/catalog/product/cache/91592fba593eb22710bd0e431c05b560/c/h/chaise_empilable_bali_en_teck_1.png"
"1789821832-8","https://www.bricoma.ma/jardinage-pein-air/meubles-exterieur.html","CHAISE HAMPTON PLIABLE EN TECK","639,00 MAD","Voir produit","","nouveauté","best seller","Stock Limité","https://www.bricoma.ma/pub/media/catalog/product/cache/91592fba593eb22710bd0e431c05b560/c/h/chaise_hampton_pliable_en_teck_4.png"
"1789821832-9","https://www.bricoma.ma/jardinage-pein-air/meubles-exterieur.html","TABLE À MANGER EN TECK CARRÉE POUR PIQUE NIQUE","1 149,00 MAD","Voir produit","","nouveauté","best seller","Stock Limité","https://www.bricoma.ma/pub/media/catalog/product/cache/91592fba593eb22710bd0e431c05b560/t/a/table_a_manger_en_teck_carre_e_pour_pique_nique_3.png"
"1789821832-10","https://www.bricoma.ma/jardinage-pein-air/meubles-exterieur.html","TABLE À MANGER RONDE POUR PIQUE-NIQUE","1 290,00 MAD","Voir produit","","nouveauté","best seller","Stock Limité","https://www.bricoma.ma/pub/media/catalog/product/cache/91592fba593eb22710bd0e431c05b560/4/9/496.png"
"1789821832-11","https://www.bricoma.ma/jardinage-pein-air/meubles-exterieur.html","TABLE PLIANTE RECTANGULAIRE EN TECK","1 999,00 MAD","Voir produit","","nouveauté","best seller","Stock Limité","https://www.bricoma.ma/pub/media/catalog/product/cache/91592fba593eb22710bd0e431c05b560/1/0/108209_mdf-compressed.jpg"
"1789821832-12","https://www.bricoma.ma/jardinage-pein-air/meubles-exterieur.html","TABLE RONDE  EN TECK","1 890,00 MAD","Voir produit","","nouveauté","best seller","Stock Limité","https://www.bricoma.ma/pub/media/catalog/product/cache/91592fba593eb22710bd0e431c05b560/t/a/table_ronde_en_teck_1_1.jpg"
"1789821832-13","https://www.bricoma.ma/jardinage-pein-air/meubles-exterieur.html","TABLE RONDE  EN TECK","2 290,00 MAD","Voir produit","","nouveauté","best seller","Stock Limité","https://www.bricoma.ma/pub/media/catalog/product/cache/91592fba593eb22710bd0e431c05b560/t/a/table_ronde_en_teck_2.jpg"
"1789821832-14","https://www.bricoma.ma/jardinage-pein-air/meubles-exterieur.html","TABLE RONDE EXTENSIBLE EN TECK","4 659,00 MAD","Voir produit","","nouveauté","best seller","Stock Limité","https://www.bricoma.ma/pub/media/catalog/product/cache/91592fba593eb22710bd0e431c05b560/t/a/table_ronde_extensible_en_teck_5_.png"
"1789821832-15","https://www.bricoma.ma/jardinage-pein-air/meubles-exterieur.html","TABLE RONDE EXTENSIBLE EN TECK","5 775,00 MAD","Voir produit","","nouveauté","best seller","Stock Limité","https://www.bricoma.ma/pub/media/catalog/product/cache/91592fba593eb22710bd0e431c05b560/t/a/table_ronde_extensible_en_teck_4.png"
"1789821832-16","https://www.bricoma.ma/jardinage-pein-air/meubles-exterieur.html","TRANSAT FANIA","2 999,00 MAD","Voir produit","","nouveauté","best seller","Stock Limité","https://www.bricoma.ma/pub/media/catalog/product/cache/91592fba593eb22710bd0e431c05b560/1/0/108200_mdf-compressed.jpg"
"1789821841-17","https://www.bricoma.ma/jardinage-pein-air/meubles-exterieur.html","MEUBLES DE JARDIN SET 4 PLACES + TABLE BASSE + COUSSINS","4 590,00 MAD","Voir produit","ELG","nouveauté","best seller","Stock Limité","https://www.bricoma.ma/pub/media/catalog/product/cache/91592fba593eb22710bd0e431c05b560/1/0/108564_mdf.jpg"
"1789821841-18","https://www.bricoma.ma/jardinage-pein-air/meubles-exterieur.html","RELAXE SUSPENDU SW3001","2 379,00 MAD","Voir produit","ELG","nouveauté","best seller","Stock Limité","https://www.bricoma.ma/pub/media/catalog/product/cache/91592fba593eb22710bd0e431c05b560/r/e/relaxe_suspendu_sw3001_1_.jpg"
"1789821841-19","https://www.bricoma.ma/jardinage-pein-air/meubles-exterieur.html","PARASOL BANANE 3M INCLINABLE A MANIVELLE (8 BRANCHES) SU1009","1 290,00 MAD","Voir produit","","nouveauté","best seller","Stock Limité","https://www.bricoma.ma/pub/media/catalog/product/cache/91592fba593eb22710bd0e431c05b560/1/0/108569.jpg"
"1789821841-20","https://www.bricoma.ma/jardinage-pein-air/meubles-exterieur.html","TABLE DE JARDIN AVEC 6 CHAISES SF4001","2 590,00 MAD","Voir produit","","nouveauté","best seller","Stock Limité","https://www.bricoma.ma/pub/media/catalog/product/cache/91592fba593eb22710bd0e431c05b560/1/0/108563_-compressed.jpg"
"1789821841-21","https://www.bricoma.ma/jardinage-pein-air/meubles-exterieur.html","PARASOL A MANIVELLE","1 459,00 MAD","Voir produit","","nouveauté","best seller","Stock Limité","https://www.bricoma.ma/pub/media/catalog/product/cache/91592fba593eb22710bd0e431c05b560/1/1/110609_mdf.jpg"
"1789821841-22","https://www.bricoma.ma/jardinage-pein-air/meubles-exterieur.html","RELAX SUNLOUNGER MALIBU BLANC","626,00 MAD","Voir produit","","nouveauté","best seller","Stock Limité","https://www.bricoma.ma/pub/media/catalog/product/cache/91592fba593eb22710bd0e431c05b560/r/e/relax_sunlounger_malibu_blanc_4.jpg"
"1789821841-23","https://www.bricoma.ma/jardinage-pein-air/meubles-exterieur.html","TABLE DE TERRASSE & PISCNE MARBELHA WHITE","99,00 MAD","Voir produit","","nouveauté","best seller","Stock Limité","https://www.bricoma.ma/pub/media/catalog/product/cache/91592fba593eb22710bd0e431c05b560/1/1/112575_mdf.jpg"
"1789821841-24","https://www.bricoma.ma/jardinage-pein-air/meubles-exterieur.html","CHAISE DE PLAGE PLIABLE LIGHT BLUE","115,00 MAD","Voir produit","","nouveauté","best seller","Stock Limité","https://www.bricoma.ma/pub/media/catalog/product/cache/91592fba593eb22710bd0e431c05b560/1/1/112578.png"
"1789821841-25","https://www.bricoma.ma/jardinage-pein-air/meubles-exterieur.html","CHAISE DE PLAGE PLIABLE WHITE","115,00 MAD","Voir produit","","nouveauté","best seller","Stock Limité","https://www.bricoma.ma/pub/media/catalog/product/cache/91592fba593eb22710bd0e431c05b560/c/h/chaise_de_plage_pliable_white_2.jpg"
"1789821841-26","https://www.bricoma.ma/jardinage-pein-air/meubles-exterieur.html","CHAISE DE PLAGE PLIABLE LIME","115,00 MAD","Voir produit","","nouveauté","best seller","Stock Limité","https://www.bricoma.ma/pub/media/catalog/product/cache/91592fba593eb22710bd0e431c05b560/c/h/chaise_de_plage_pliable_lime_2_1.jpg"
"1789821841-27","https://www.bricoma.ma/jardinage-pein-air/meubles-exterieur.html","PARASOL AVEC MANIVELLE DIAM 300CM GRIS VES-3956","759,00 MAD","Voir produit","","nouveauté","best seller","Stock Limité","https://www.bricoma.ma/pub/media/catalog/product/cache/91592fba593eb22710bd0e431c05b560/1/1/115317_.jpg"
"1789821841-28","https://www.bricoma.ma/jardinage-pein-air/meubles-exterieur.html","PARASOL DEPORTE KHAKI 3X4M","5 999,00 MAD","Voir produit","","nouveauté","best seller","Stock Limité","https://www.bricoma.ma/pub/media/catalog/product/cache/91592fba593eb22710bd0e431c05b560/1/1/115321_mdf.jpg"
"1789821841-29","https://www.bricoma.ma/jardinage-pein-air/meubles-exterieur.html","SET ALASKA 4 PLACES + TABLE MARRON","2 890,00 MAD","Voir produit","","nouveauté","best seller","Stock Limité","https://www.bricoma.ma/pub/media/catalog/product/cache/91592fba593eb22710bd0e431c05b560/1/1/115144.jpeg"
"1789821841-30","https://www.bricoma.ma/jardinage-pein-air/meubles-exterieur.html","SALON SET MANHATTAN STYLE MEUBLES DE JARDIN","3 549,00 MAD","Voir produit","","nouveauté","best seller","Stock Limité","https://www.bricoma.ma/pub/media/catalog/product/cache/91592fba593eb22710bd0e431c05b560/s/a/salon_set_manhattan_style_meubles_de_jardin_4.png"
"1789821841-31","https://www.bricoma.ma/jardinage-pein-air/meubles-exterieur.html","PARASOL AVEC MANIVELLE DAIM 300CM SOCLE CROISÉ GRIS","1 299,00 MAD","Voir produit","","nouveauté","best seller","Stock Limité","https://www.bricoma.ma/pub/media/catalog/product/cache/91592fba593eb22710bd0e431c05b560/1/1/115314.png"
"1789821841-32","https://www.bricoma.ma/jardinage-pein-air/meubles-exterieur.html","PARASOL AVEC MANIVELLE SOCLE CROISÉ 200X300 CM GRIS","1 399,00 MAD","Voir produit","","nouveauté","best seller","Stock Limité","https://www.bricoma.ma/pub/media/catalog/product/cache/91592fba593eb22710bd0e431c05b560/p/a/parasol_avec_manivelle_socle_croise_200x300_cm_gris_1.png"
"1789821850-33","https://www.bricoma.ma/jardinage-pein-air/meubles-exterieur.html","TABLE À MANGER ARIZONA AVEC 6 CHAISES","2 999,00 MAD","Voir produit","RAINBOW","nouveauté","best seller","Stock Limité","https://www.bricoma.ma/pub/media/catalog/product/cache/91592fba593eb22710bd0e431c05b560/t/a/table_manger_arizona.png"
"1789821850-34","https://www.bricoma.ma/jardinage-pein-air/meubles-exterieur.html","FAUTEUIL DE JARDIN SUSPENDU","3 250,00 MAD","Voir produit","","nouveauté","best seller","Stock Limité","https://www.bricoma.ma/pub/media/catalog/product/cache/91592fba593eb22710bd0e431c05b560/1/1/115146_mdf.png"
"1789821850-35","https://www.bricoma.ma/jardinage-pein-air/meubles-exterieur.html","SWING APPLE FAUTEUIL SUSPENDU GRIS","3 250,00 MAD","Voir produit","","nouveauté","best seller","Stock Limité","https://www.bricoma.ma/pub/media/catalog/product/cache/91592fba593eb22710bd0e431c05b560/_/s/_swing_apple_fauteuil_suspendu_gris_2.jpg"
"1789821850-36","https://www.bricoma.ma/jardinage-pein-air/meubles-exterieur.html","CHAISE WIND SABLE 04565","359,00 MAD","Voir produit","","nouveauté","best seller","Stock Limité","https://www.bricoma.ma/pub/media/catalog/product/cache/91592fba593eb22710bd0e431c05b560/1/1/118661.jpg"
"1789821850-37","https://www.bricoma.ma/jardinage-pein-air/meubles-exterieur.html","CHAISE WIND GRIS FONCE 04567","359,00 MAD","Voir produit","","nouveauté","best seller","Stock Limité","https://www.bricoma.ma/pub/media/catalog/product/cache/91592fba593eb22710bd0e431c05b560/1/1/118662.jpg"
"1789821850-38","https://www.bricoma.ma/jardinage-pein-air/meubles-exterieur.html","CHAISE PALMA GRIS VOLCANIQUE 05806","119,00 MAD","Voir produit","","nouveauté","best seller","Stock Limité","https://www.bricoma.ma/pub/media/catalog/product/cache/91592fba593eb22710bd0e431c05b560/1/1/118666.jpg"
"1789821850-39","https://www.bricoma.ma/jardinage-pein-air/meubles-exterieur.html","CHAISE DELTA BLANC 03887","279,00 MAD","Voir produit","","nouveauté","best seller","Stock Limité","https://www.bricoma.ma/pub/media/catalog/product/cache/91592fba593eb22710bd0e431c05b560/c/h/chaise_delta_blanc_03887_4.jpg"
"1789821850-40","https://www.bricoma.ma/jardinage-pein-air/meubles-exterieur.html","CHAISE ECOGARROTXA NOIRE 01136","99,00 MAD","Voir produit","","nouveauté","best seller","Stock Limité","https://www.bricoma.ma/pub/media/catalog/product/cache/91592fba593eb22710bd0e431c05b560/1/1/118668.jpg"
"1789821850-41","https://www.bricoma.ma/jardinage-pein-air/meubles-exterieur.html","BALANCELLE SWING LARGE CONFORTABLE BEIGE","2 690,00 MAD","Voir produit","","nouveauté","best seller","Stock Limité","https://www.bricoma.ma/pub/media/catalog/product/cache/91592fba593eb22710bd0e431c05b560/b/a/balancelle_swing_large_confortable_beige_1_.jpg"
"1789821850-42","https://www.bricoma.ma/jardinage-pein-air/meubles-exterieur.html","CHAISE PALMA SABLE 06201","119,00 MAD","Voir produit","","nouveauté","best seller","Stock Limité","https://www.bricoma.ma/pub/media/catalog/product/cache/91592fba593eb22710bd0e431c05b560/1/1/118667.jpg"
"1789821850-43","https://www.bricoma.ma/jardinage-pein-air/meubles-exterieur.html","BALANCELLE SWING MEDIUM CONFORTABLE BEIGE","2 490,00 MAD","Voir produit","","nouveauté","best seller","Stock Limité","https://www.bricoma.ma/pub/media/catalog/product/cache/91592fba593eb22710bd0e431c05b560/b/a/balancelle_swing_medium_confortable_beige_2_.png"
"1789821850-44","https://www.bricoma.ma/jardinage-pein-air/meubles-exterieur.html","BALANCELLE SWING LARGE GRIS","2 690,00 MAD","Voir produit","","nouveauté","best seller","Stock Limité","https://www.bricoma.ma/pub/media/catalog/product/cache/91592fba593eb22710bd0e431c05b560/b/a/bal-swing.png"
"1789821850-45","https://www.bricoma.ma/jardinage-pein-air/meubles-exterieur.html","CHAISE DELTA GRIS FONCE 03888","279,00 MAD","Voir produit","","nouveauté","best seller","Stock Limité","https://www.bricoma.ma/pub/media/catalog/product/cache/91592fba593eb22710bd0e431c05b560/c/h/chaise_delta_gris_fonce_03888_1.jpg"
"1789821850-46","https://www.bricoma.ma/jardinage-pein-air/meubles-exterieur.html","CHAISE ONA BLANC - ASSISE GRIS FONCE 03704","445,00 MAD","Voir produit","","nouveauté","best seller","Stock Limité","https://www.bricoma.ma/pub/media/catalog/product/cache/91592fba593eb22710bd0e431c05b560/c/h/chaise_ona_blanc_-_assise_gris_fonce_03704_1_.jpg"
"1789821850-47","https://www.bricoma.ma/jardinage-pein-air/meubles-exterieur.html","TABLE DE JARDIN PLUS DEUX CHAISES        SF 4805","1 499,00 MAD","Voir produit","","nouveauté","best seller","Stock Limité","https://www.bricoma.ma/pub/media/catalog/product/cache/91592fba593eb22710bd0e431c05b560/1/1/118874_ffn.jpg"
"1789821850-48","https://www.bricoma.ma/jardinage-pein-air/meubles-exterieur.html","RELAX STRUCTURE METALIQUE LOUNGE CHAIR - SF5502","890,00 MAD","Voir produit","","nouveauté","best seller","Stock Limité","https://www.bricoma.ma/pub/media/catalog/product/cache/91592fba593eb22710bd0e431c05b560/r/e/relax_structure_metalique_lounge_chair_-_sf5502_2.png"
"1789821859-49","https://www.bricoma.ma/jardinage-pein-air/meubles-exterieur.html","SET MEUBLES JARDIN MIAMI BALCONY GRAPHITE","1 990,00 MAD","Voir produit","","nouveauté","best seller","Stock Limité","https://www.bricoma.ma/pub/media/catalog/product/cache/91592fba593eb22710bd0e431c05b560/1/1/119728.png"
"1789821859-50","https://www.bricoma.ma/jardinage-pein-air/meubles-exterieur.html","SALON DE JARDIN MIAMI PIEDRA 4PLACES","2 399,00 MAD","Voir produit","SHAF","nouveauté","best seller","Stock Limité","https://www.bricoma.ma/pub/media/catalog/product/cache/91592fba593eb22710bd0e431c05b560/s/a/salon_de_jardin_miami_piedra_4places_1_.jpg"
"1789821859-51","https://www.bricoma.ma/jardinage-pein-air/meubles-exterieur.html","SALON DE JARDIN DIVA COMFORT STORAGE","2 999,00 MAD","Voir produit","SHAF","nouveauté","best seller","Stock Limité","https://www.bricoma.ma/pub/media/catalog/product/cache/91592fba593eb22710bd0e431c05b560/s/a/salon_de_jardin_diva_comfort_storage_1_.jpg"
"1789821859-52","https://www.bricoma.ma/jardinage-pein-air/meubles-exterieur.html","SALON DE JARDIN MIAMI TÊTE À TÊTE","1 299,00 MAD","Voir produit","SHAF","nouveauté","best seller","Stock Limité","https://www.bricoma.ma/pub/media/catalog/product/cache/91592fba593eb22710bd0e431c05b560/s/a/salon_de_jardin_miami_te_te_a_te_te_3.png"
"1789821859-53","https://www.bricoma.ma/jardinage-pein-air/meubles-exterieur.html","SOCLE DE PARASOL EN BETON CARRE 12KG","219,00 MAD","Voir produit","ELG","nouveauté","best seller","Stock Limité","https://www.bricoma.ma/pub/media/catalog/product/cache/91592fba593eb22710bd0e431c05b560/s/o/socle_de_parasol_en_beton_carre_12kg_1_.png"
"1789821859-54","https://www.bricoma.ma/jardinage-pein-air/meubles-exterieur.html","SALON DE JARDIN OASIS 5PLACES EN L","3 879,00 MAD","Voir produit","SHAF","nouveauté","best seller","Stock Limité","https://www.bricoma.ma/pub/media/catalog/product/cache/91592fba593eb22710bd0e431c05b560/s/a/salon_de_jardin_oasis_5places_en_l_1_.jpg"
"1789821859-55","https://www.bricoma.ma/jardinage-pein-air/meubles-exterieur.html","SET DE JARDIN 2 CHAISES ET TABLE BAKU + MONACO MARQUE SHAF","1 399,00 MAD","Voir produit","SHAF","nouveauté","best seller","Stock Limité","https://www.bricoma.ma/pub/media/catalog/product/cache/91592fba593eb22710bd0e431c05b560/c/a/capture_d_e_cran_2023-08-11_a_15.53.46.png"
"1789821859-56","https://www.bricoma.ma/jardinage-pein-air/meubles-exterieur.html","SET DE JARDIN 2 CHAISES +TABLE BAKU+MONACO","1 399,00 MAD","Voir produit","SHAF","nouveauté","best seller","Stock Limité","https://www.bricoma.ma/pub/media/catalog/product/cache/91592fba593eb22710bd0e431c05b560/c/a/capture_d_e_cran_2023-08-11_a_15.58.13.png"
"1789821859-57","https://www.bricoma.ma/jardinage-pein-air/meubles-exterieur.html","SOCLE ROND DE PARASOL NOIR EN RESINE 12KG VES-4449","269,00 MAD","Voir produit","","nouveauté","best seller","Stock Limité","https://www.bricoma.ma/pub/media/catalog/product/cache/91592fba593eb22710bd0e431c05b560/1/1/119737.jpg"
"1789821859-58","https://www.bricoma.ma/jardinage-pein-air/meubles-exterieur.html","TABLE RONDE PLIABLE  RH152","1 490,00 MAD","Voir produit","","nouveauté","best seller","Stock Limité","https://www.bricoma.ma/pub/media/catalog/product/cache/91592fba593eb22710bd0e431c05b560/1/2/122817_copie.png"
"1789821859-59","https://www.bricoma.ma/jardinage-pein-air/meubles-exterieur.html","TABLE RONDE PLIABLE RH122","999,00 MAD","Voir produit","","nouveauté","best seller","Stock Limité","https://www.bricoma.ma/pub/media/catalog/product/cache/91592fba593eb22710bd0e431c05b560/1/2/122817_copie_3.png"
"1789821859-60","https://www.bricoma.ma/jardinage-pein-air/meubles-exterieur.html","CHAISE PLIANTE D'EXTERIEURE  Y01","349,00 MAD","Voir produit","","nouveauté","best seller","Stock Limité","https://www.bricoma.ma/pub/media/catalog/product/cache/91592fba593eb22710bd0e431c05b560/1/2/122823_copie.png"
"1789821859-61","https://www.bricoma.ma/jardinage-pein-air/meubles-exterieur.html","TABLE RECTANGULAIRE PLIABLE  FH180D","699,00 MAD","Voir produit","","nouveauté","best seller","Stock Limité","https://www.bricoma.ma/pub/media/catalog/product/cache/91592fba593eb22710bd0e431c05b560/t/a/table_rectangulaire_pliable_fh180d_2.jpg"
"1789821859-62","https://www.bricoma.ma/jardinage-pein-air/meubles-exterieur.html","TABLE RECTANGULAIRE PLIABLE  FH152 ""","579,00 MAD","Voir produit","","nouveauté","best seller","Stock Limité","https://www.bricoma.ma/pub/media/catalog/product/cache/91592fba593eb22710bd0e431c05b560/1/2/122821_copie.png"
"1789821859-63","https://www.bricoma.ma/jardinage-pein-air/meubles-exterieur.html","TABLE RECTANGULAIRE PLIABLE FH122D""","539,00 MAD","Voir produit","","nouveauté","best seller","Stock Limité","https://www.bricoma.ma/pub/media/catalog/product/cache/91592fba593eb22710bd0e431c05b560/t/a/table_rectangulaire_pliable_fh122d_221.jpg"
"1789821859-64","https://www.bricoma.ma/jardinage-pein-air/meubles-exterieur.html","TABLE RONDE PLIABLE  R180","2 790,00 MAD","Voir produit","","nouveauté","best seller","Stock Limité","https://www.bricoma.ma/pub/media/catalog/product/cache/91592fba593eb22710bd0e431c05b560/t/a/table_ronde_pliable_r180_2.png"
"1789821868-65","https://www.bricoma.ma/jardinage-pein-air/meubles-exterieur.html","TABLE RECTANGULAIRE PLIABLE  FH240","1 190,00 MAD","Voir produit","","nouveauté","best seller","Stock Limité","https://www.bricoma.ma/pub/media/catalog/product/cache/91592fba593eb22710bd0e431c05b560/1/2/122822_copie_2.png"
"1789821868-66","https://www.bricoma.ma/jardinage-pein-air/meubles-exterieur.html","SET PARIS LOUNGE","3 500,00 MAD","Voir produit","","nouveauté","best seller","Stock Limité","https://www.bricoma.ma/pub/media/catalog/product/cache/91592fba593eb22710bd0e431c05b560/1/2/122826.png"
"1789821868-67","https://www.bricoma.ma/jardinage-pein-air/meubles-exterieur.html","CHAISE DANTE LOWBACK GRAPHITE 207063","219,00 MAD","Voir produit","","nouveauté","best seller","Stock Limité","https://www.bricoma.ma/pub/media/catalog/product/cache/91592fba593eb22710bd0e431c05b560/1/2/123181.png"
"1789821868-68","https://www.bricoma.ma/jardinage-pein-air/meubles-exterieur.html","TABLE OCEAN SIDE 45X45 DARK GREY","295,00 MAD","Voir produit","","nouveauté","best seller","Stock Limité","https://www.bricoma.ma/pub/media/catalog/product/cache/91592fba593eb22710bd0e431c05b560/1/2/123275.jpg"
"1789821868-69","https://www.bricoma.ma/jardinage-pein-air/meubles-exterieur.html","CHAISE BLOOM DARK GREY","985,00 MAD","Voir produit","","nouveauté","best seller","Stock Limité","https://www.bricoma.ma/pub/media/catalog/product/cache/91592fba593eb22710bd0e431c05b560/c/h/chaise_bloom_dark_grey_3.jpg"
"1789821868-70","https://www.bricoma.ma/jardinage-pein-air/meubles-exterieur.html","SET TABLE SOLDING+ 2TABOURET HELEN","2 399,00 MAD","Voir produit","","nouveauté","best seller","Stock Limité","https://www.bricoma.ma/pub/media/catalog/product/cache/91592fba593eb22710bd0e431c05b560/1/2/123233_1.jpg"
"1789821868-71","https://www.bricoma.ma/jardinage-pein-air/meubles-exterieur.html","SALON DE JARDIN VENUS","2 490,00 MAD","Voir produit","","nouveauté","best seller","Stock Limité","https://www.bricoma.ma/pub/media/catalog/product/cache/91592fba593eb22710bd0e431c05b560/1/2/123246.jpg"
"1789821868-72","https://www.bricoma.ma/jardinage-pein-air/meubles-exterieur.html","CHAISE BLOOM","925,00 MAD","Voir produit","","nouveauté","best seller","Stock Limité","https://www.bricoma.ma/pub/media/catalog/product/cache/91592fba593eb22710bd0e431c05b560/c/h/chaise_bloom_5.png"
"1789821868-73","https://www.bricoma.ma/jardinage-pein-air/meubles-exterieur.html","SET TABLE LAGOS ANTHRACITE+ 6 FAUTEUIL PARIS DARK GREY","9 199,00 MAD","Voir produit","","nouveauté","best seller","Stock Limité","https://www.bricoma.ma/pub/media/catalog/product/cache/91592fba593eb22710bd0e431c05b560/1/2/123272.jpg"
"1789821868-74","https://www.bricoma.ma/jardinage-pein-air/meubles-exterieur.html","SET SAM TATVAN TABLE  + 4 CHAISE METALIQUE","2 890,00 MAD","Voir produit","","nouveauté","best seller","Stock Limité","https://www.bricoma.ma/pub/media/catalog/product/cache/91592fba593eb22710bd0e431c05b560/1/2/123236.jpg"
"1789821868-75","https://www.bricoma.ma/jardinage-pein-air/meubles-exterieur.html","RELAX PACIFIC","1 599,00 MAD","Voir produit","","nouveauté","best seller","Stock Limité","https://www.bricoma.ma/pub/media/catalog/product/cache/91592fba593eb22710bd0e431c05b560/r/e/relax_pacific_3.png"
"1789821868-76","https://www.bricoma.ma/jardinage-pein-air/meubles-exterieur.html","TABLE OCEAN SIDE 45X45 TAUPE","295,00 MAD","Voir produit","","nouveauté","best seller","Stock Limité","https://www.bricoma.ma/pub/media/catalog/product/cache/91592fba593eb22710bd0e431c05b560/t/a/table_ocean_side_45x45_taupe_2.png"
"1789821868-77","https://www.bricoma.ma/jardinage-pein-air/meubles-exterieur.html","SET SAM SKY 1:TABLE 105 RONDE+ 4 FAUTEUIL PARIS","3 690,00 MAD","Voir produit","","nouveauté","best seller","Stock Limité","https://www.bricoma.ma/pub/media/catalog/product/cache/91592fba593eb22710bd0e431c05b560/c/a/capture_d_e_cran_2025-05-21_a_15.40.14.png"
"1789821868-78","https://www.bricoma.ma/jardinage-pein-air/meubles-exterieur.html","RELAX PACIFIC DARK GREY","1 599,00 MAD","Voir produit","","nouveauté","best seller","Stock Limité","https://www.bricoma.ma/pub/media/catalog/product/cache/91592fba593eb22710bd0e431c05b560/1/2/123273_mdf.jpg"
"1789821868-79","https://www.bricoma.ma/jardinage-pein-air/meubles-exterieur.html","FAUTEUIL PANORA","349,00 MAD","Voir produit","","nouveauté","best seller","Stock Limité","https://www.bricoma.ma/pub/media/catalog/product/cache/91592fba593eb22710bd0e431c05b560/f/a/fauteuil_panora_png.png"
"1789821868-80","https://www.bricoma.ma/jardinage-pein-air/meubles-exterieur.html","CHAISE FIJI BLANCHE","219,00 MAD","Voir produit","","nouveauté","best seller","Stock Limité","https://www.bricoma.ma/pub/media/catalog/product/cache/91592fba593eb22710bd0e431c05b560/c/h/chaise_fiji_blanche_2.png"
"1789821877-81","https://www.bricoma.ma/jardinage-pein-air/meubles-exterieur.html","RELAX CAIMAN BLANC","679,00 MAD","Voir produit","","nouveauté","best seller","Stock Limité","https://www.bricoma.ma/pub/media/catalog/product/cache/91592fba593eb22710bd0e431c05b560/r/e/relax_caiman_blanc_1_1.png"
"1789821877-82","https://www.bricoma.ma/jardinage-pein-air/meubles-exterieur.html","TABLE BASSE DE JARDIN ALASKA BLANCHE","249,00 MAD","Voir produit","","nouveauté","best seller","Stock Limité","https://www.bricoma.ma/pub/media/catalog/product/cache/91592fba593eb22710bd0e431c05b560/t/a/table_basse_de_jardin_alaska_blanche_1.png"
"1789821877-83","https://www.bricoma.ma/jardinage-pein-air/meubles-exterieur.html","TABLE BASSE DE JARDIN ALASKA ANTRHACITE","249,00 MAD","Voir produit","","nouveauté","best seller","Stock Limité","https://www.bricoma.ma/pub/media/catalog/product/cache/91592fba593eb22710bd0e431c05b560/t/a/table_basse_de_jardin_alaska_antracite_1.png"
"1789821877-84","https://www.bricoma.ma/jardinage-pein-air/meubles-exterieur.html","CHAISE HYBA ROUGE DESIGN","299,00 MAD","Voir produit","HYBA","nouveauté","best seller","Stock Limité","https://www.bricoma.ma/pub/media/catalog/product/cache/91592fba593eb22710bd0e431c05b560/1/2/124137_.png"
"1789821877-85","https://www.bricoma.ma/jardinage-pein-air/meubles-exterieur.html","TABLE HYBA ROUGE DESIGN","209,00 MAD","Voir produit","HYBA","nouveauté","best seller","Stock Limité","https://www.bricoma.ma/pub/media/catalog/product/cache/91592fba593eb22710bd0e431c05b560/t/a/table_hyba_rouge_design_1_1.png"
"1789821877-86","https://www.bricoma.ma/jardinage-pein-air/meubles-exterieur.html","TABLE MERCURIO BLANCHE","459,00 MAD","Voir produit","","nouveauté","best seller","Stock Limité","https://www.bricoma.ma/pub/media/catalog/product/cache/91592fba593eb22710bd0e431c05b560/t/a/table_mercurio_blanche_3.png"
"1789821877-87","https://www.bricoma.ma/jardinage-pein-air/meubles-exterieur.html","MAISON EN RÉSINE GARDIUN MARENA 2,47M2 GARDIUN COULEUR ANTHRACITE","7 999,00 MAD","Voir produit","GARDIUN","nouveauté","best seller","Stock Limité","https://www.bricoma.ma/pub/media/catalog/product/cache/91592fba593eb22710bd0e431c05b560/1/2/125259.jpg"
"1789821877-88","https://www.bricoma.ma/jardinage-pein-air/meubles-exterieur.html","HANGAR EN MÉTAL BUCKINGHAM GREEN 2,43M2 GARDIUN AVEC PORTE COULISSANTE DOUBLE","4 490,00 MAD","Voir produit","GARDIUN","nouveauté","best seller","Stock Limité","https://www.bricoma.ma/pub/media/catalog/product/cache/91592fba593eb22710bd0e431c05b560/1/2/125262_mdf.jpg"
"1789821877-89","https://www.bricoma.ma/jardinage-pein-air/meubles-exterieur.html","HANGAR BUCKINGHAM MÉTALLISÉ GRIS 2,43M2 GARDIUN AVEC PORTE COULISSANTE DOUBLE","4 490,00 MAD","Voir produit","GARDIUN","nouveauté","best seller","Stock Limité","https://www.bricoma.ma/pub/media/catalog/product/cache/91592fba593eb22710bd0e431c05b560/1/2/125263.jpg"
"1789821877-90","https://www.bricoma.ma/jardinage-pein-air/meubles-exterieur.html","FAUTEUIL DIVA","420,00 MAD","Voir produit","","nouveauté","best seller","Stock Limité","https://www.bricoma.ma/pub/media/catalog/product/cache/91592fba593eb22710bd0e431c05b560/1/2/126025_.png"
"1789821877-91","https://www.bricoma.ma/jardinage-pein-air/meubles-exterieur.html","PERGOLA BIOCLIMATIQUE MURALE 3MX4M (2 PIEDS)","28 199,00 MAD","Voir produit","","nouveauté","best seller","Stock Limité","https://www.bricoma.ma/pub/media/catalog/product/cache/91592fba593eb22710bd0e431c05b560/1/2/126265_1.png"
"1789821877-92","https://www.bricoma.ma/jardinage-pein-air/meubles-exterieur.html","SET VENUS BEIGE","2 490,00 MAD","Voir produit","","nouveauté","best seller","Stock Limité","https://www.bricoma.ma/pub/media/catalog/product/cache/91592fba593eb22710bd0e431c05b560/s/e/set-exochis-fylliana-elton-mayro-kafe-chroma-119x67x82ek1715257215.jpg"
"1789821877-93","https://www.bricoma.ma/jardinage-pein-air/meubles-exterieur.html","ENSEMBLE MODERNE SET NASSAU 4P - GRAPHITE - 55522","2 980,00 MAD","Voir produit","","nouveauté","best seller","Stock Limité","https://www.bricoma.ma/pub/media/catalog/product/cache/91592fba593eb22710bd0e431c05b560/e/n/ensemble_moderne_set_nassau_4p_-_graphite_-_55522_1.png"
"1789821877-94","https://www.bricoma.ma/jardinage-pein-air/meubles-exterieur.html","SALON DE JARDIN 5 PLACES EN ALUM+COUSSINS+TABLE","6 499,00 MAD","Voir produit","","nouveauté","best seller","Stock Limité","https://www.bricoma.ma/pub/media/catalog/product/cache/91592fba593eb22710bd0e431c05b560/s/a/salon.jpg"
"1789821877-95","https://www.bricoma.ma/jardinage-pein-air/meubles-exterieur.html","SET TABLE DE JARDIN RONDE AVEC 4 CHAISES SF4014/SF5014","1 995,00 MAD","Voir produit","ELG","nouveauté","best seller","Stock Limité","https://www.bricoma.ma/pub/media/catalog/product/cache/91592fba593eb22710bd0e431c05b560/s/e/set_table_de_jardin_ronde_avec_4_chaises_sf4014sf5014_3_.jpg"
"1789821877-96","https://www.bricoma.ma/jardinage-pein-air/meubles-exterieur.html","ABRI DE VOITURE EN METAL 3.6 X 4.5 M","6 990,00 MAD","Voir produit","ELG","nouveauté","best seller","Stock Limité","https://www.bricoma.ma/pub/media/catalog/product/cache/91592fba593eb22710bd0e431c05b560/a/b/abri_de_voiture_en_metal_3.6_x_4.5_m_1_1.png"
"1789821883-97","https://www.bricoma.ma/jardinage-pein-air/meubles-exterieur.html","TABLE PLIANTE AVEC HAUTEUR RÉGLABLE EN 3 NIVEAUX 122*61*52.5*74CM","499,00 MAD","Voir produit","HOME DECO","nouveauté","best seller","Stock Limité","https://www.bricoma.ma/pub/media/catalog/product/cache/91592fba593eb22710bd0e431c05b560/1/2/129830_table_pliante_ppng.png"
"1789821883-98","https://www.bricoma.ma/jardinage-pein-air/meubles-exterieur.html","CHAISE DE CAMPING PLIANTE 120KG","99,00 MAD","Voir produit","HOME DECO","nouveauté","best seller","Stock Limité","https://www.bricoma.ma/pub/media/catalog/product/cache/91592fba593eb22710bd0e431c05b560/1/2/129846_chaise_de_camping_png.jpg"