web_scraper_order,web_scraper_start_url,pagination,data,price,data2,data3,data4,data5,data6,photo
"1789821832-1","https://www.bricoma.ma/jardinage-pein-air/meubles-exterieur.html","","SALON DE JARDIN MANHATTAN","3 995,00 MAD","Voir produit","SHAF","nouveauté","best seller","Stock Limité","https://www.bricoma.ma/pub/media/catalog/product/cache/91592fba593eb22710bd0e431c05b560/s/a/salon_de_jardin_manhattan_1_.jpg"
"1789821832-2","https://www.bricoma.ma/jardinage-pein-air/meubles-exterieur.html","","PIED DE PARASOL A REMPLIR BLANC / MPOD-S449","75,00 MAD","Voir produit","","nouveauté","best seller","Stock Limité","https://www.bricoma.ma/pub/media/catalog/product/cache/91592fba593eb22710bd0e431c05b560/p/i/pied_de_parasol_a_remplir_blanc_mpod-s449_3_.jpg"
"1789821832-3","https://www.bricoma.ma/jardinage-pein-air/meubles-exterieur.html","","CHAISE ELBA","219,00 MAD","Voir produit","NARDI","nouveauté","best seller","Stock Limité","https://www.bricoma.ma/pub/media/catalog/product/cache/91592fba593eb22710bd0e431c05b560/c/h/chaise_elba_1_.jpg"
"1789821832-4","https://www.bricoma.ma/jardinage-pein-air/meubles-exterieur.html","","CHAISE ENFANT ARIEL ROUGE","79,00 MAD","Voir produit","NARDI","nouveauté","best seller","Stock Limité","https://www.bricoma.ma/pub/media/catalog/product/cache/91592fba593eb22710bd0e431c05b560/c/h/chaise_enfant_ariel_rouge.jpg"
"1789821832-5","https://www.bricoma.ma/jardinage-pein-air/meubles-exterieur.html","","TABLE BABY ALODIN BLEU","355,00 MAD","Voir produit","","nouveauté","best seller","Stock Limité","https://www.bricoma.ma/pub/media/catalog/product/cache/91592fba593eb22710bd0e431c05b560/t/a/table_baby_alodin_bleu_2.jpg"
"1789821832-6","https://www.bricoma.ma/jardinage-pein-air/meubles-exterieur.html","","TABLE BABY ALODIN ROUGE","355,00 MAD","Voir produit","","nouveauté","best seller","Stock Limité","https://www.bricoma.ma/pub/media/catalog/product/cache/91592fba593eb22710bd0e431c05b560/t/a/table_baby_alodin_rouge_1.jpg"
"1789821832-7","https://www.bricoma.ma/jardinage-pein-air/meubles-exterieur.html","","CHAISE EMPILABLE BALI EN TECK","1 199,00 MAD","Voir produit","","nouveauté","best seller","Stock Limité","https://www.bricoma.ma/pub/media/catalog/product/cache/91592fba593eb22710bd0e431c05b560/c/h/chaise_empilable_bali_en_teck_1.png"
"1789821832-8","https://www.bricoma.ma/jardinage-pein-air/meubles-exterieur.html","","CHAISE HAMPTON PLIABLE EN TECK","639,00 MAD","Voir produit","","nouveauté","best seller","Stock Limité","https://www.bricoma.ma/pub/media/catalog/product/cache/91592fba593eb22710bd0e431c05b560/c/h/chaise_hampton_pliable_en_teck_4.png"
"1789821832-9","https://www.bricoma.ma/jardinage-pein-air/meubles-exterieur.html","","TABLE À MANGER EN TECK CARRÉE POUR PIQUE NIQUE","1 149,00 MAD","Voir produit","","nouveauté","best seller","Stock Limité","https://www.bricoma.ma/pub/media/catalog/product/cache/91592fba593eb22710bd0e431c05b560/t/a/table_a_manger_en_teck_carre_e_pour_pique_nique_3.png"
"1789821832-10","https://www.bricoma.ma/jardinage-pein-air/meubles-exterieur.html","","TABLE À MANGER RONDE POUR PIQUE-NIQUE","1 290,00 MAD","Voir produit","","nouveauté","best seller","Stock Limité","https://www.bricoma.ma/pub/media/catalog/product/cache/91592fba593eb22710bd0e431c05b560/4/9/496.png"
"1789821832-11","https://www.bricoma.ma/jardinage-pein-air/meubles-exterieur.html","","TABLE PLIANTE RECTANGULAIRE EN TECK","1 999,00 MAD","Voir produit","","nouveauté","best seller","Stock Limité","https://www.bricoma.ma/pub/media/catalog/product/cache/91592fba593eb22710bd0e431c05b560/1/0/108209_mdf-compressed.jpg"
"1789821832-12","https://www.bricoma.ma/jardinage-pein-air/meubles-exterieur.html","","TABLE RONDE  EN TECK","1 890,00 MAD","Voir produit","","nouveauté","best seller","Stock Limité","https://www.bricoma.ma/pub/media/catalog/product/cache/91592fba593eb22710bd0e431c05b560/t/a/table_ronde_en_teck_1_1.jpg"
"1789821832-13","https://www.bricoma.ma/jardinage-pein-air/meubles-exterieur.html","","TABLE RONDE  EN TECK","2 290,00 MAD","Voir produit","","nouveauté","best seller","Stock Limité","https://www.bricoma.ma/pub/media/catalog/product/cache/91592fba593eb22710bd0e431c05b560/t/a/table_ronde_en_teck_2.jpg"
"1789821832-14","https://www.bricoma.ma/jardinage-pein-air/meubles-exterieur.html","","TABLE RONDE EXTENSIBLE EN TECK","4 659,00 MAD","Voir produit","","nouveauté","best seller","Stock Limité","https://www.bricoma.ma/pub/media/catalog/product/cache/91592fba593eb22710bd0e431c05b560/t/a/table_ronde_extensible_en_teck_5_.png"
"1789821832-15","https://www.bricoma.ma/jardinage-pein-air/meubles-exterieur.html","","TABLE RONDE EXTENSIBLE EN TECK","5 775,00 MAD","Voir produit","","nouveauté","best seller","Stock Limité","https://www.bricoma.ma/pub/media/catalog/product/cache/91592fba593eb22710bd0e431c05b560/t/a/table_ronde_extensible_en_teck_4.png"
"1789821832-16","https://www.bricoma.ma/jardinage-pein-air/meubles-exterieur.html","","TRANSAT FANIA","2 999,00 MAD","Voir produit","","nouveauté","best seller","Stock Limité","https://www.bricoma.ma/pub/media/catalog/product/cache/91592fba593eb22710bd0e431c05b560/1/0/108200_mdf-compressed.jpg"
"1789821841-17","https://www.bricoma.ma/jardinage-pein-air/meubles-exterieur.html","https://www.bricoma.ma/jardinage-pein-air/meubles-exterieur.html?p=2","MEUBLES DE JARDIN SET 4 PLACES + TABLE BASSE + COUSSINS","4 590,00 MAD","Voir produit","ELG","nouveauté","best seller","Stock Limité","https://www.bricoma.ma/pub/media/catalog/product/cache/91592fba593eb22710bd0e431c05b560/1/0/108564_mdf.jpg"
"1789821841-18","https://www.bricoma.ma/jardinage-pein-air/meubles-exterieur.html","https://www.bricoma.ma/jardinage-pein-air/meubles-exterieur.html?p=2","RELAXE SUSPENDU SW3001","2 379,00 MAD","Voir produit","ELG","nouveauté","best seller","Stock Limité","https://www.bricoma.ma/pub/media/catalog/product/cache/91592fba593eb22710bd0e431c05b560/r/e/relaxe_suspendu_sw3001_1_.jpg"
"1789821841-19","https://www.bricoma.ma/jardinage-pein-air/meubles-exterieur.html","https://www.bricoma.ma/jardinage-pein-air/meubles-exterieur.html?p=2","PARASOL BANANE 3M INCLINABLE A MANIVELLE (8 BRANCHES) SU1009","1 290,00 MAD","Voir produit","","nouveauté","best seller","Stock Limité","https://www.bricoma.ma/pub/media/catalog/product/cache/91592fba593eb22710bd0e431c05b560/1/0/108569.jpg"
"1789821841-20","https://www.bricoma.ma/jardinage-pein-air/meubles-exterieur.html","https://www.bricoma.ma/jardinage-pein-air/meubles-exterieur.html?p=2","TABLE DE JARDIN AVEC 6 CHAISES SF4001","2 590,00 MAD","Voir produit","","nouveauté","best seller","Stock Limité","https://www.bricoma.ma/pub/media/catalog/product/cache/91592fba593eb22710bd0e431c05b560/1/0/108563_-compressed.jpg"
"1789821841-21","https://www.bricoma.ma/jardinage-pein-air/meubles-exterieur.html","https://www.bricoma.ma/jardinage-pein-air/meubles-exterieur.html?p=2","PARASOL A MANIVELLE","1 459,00 MAD","Voir produit","","nouveauté","best seller","Stock Limité","https://www.bricoma.ma/pub/media/catalog/product/cache/91592fba593eb22710bd0e431c05b560/1/1/110609_mdf.jpg"
"1789821841-22","https://www.bricoma.ma/jardinage-pein-air/meubles-exterieur.html","https://www.bricoma.ma/jardinage-pein-air/meubles-exterieur.html?p=2","RELAX SUNLOUNGER MALIBU BLANC","626,00 MAD","Voir produit","","nouveauté","best seller","Stock Limité","https://www.bricoma.ma/pub/media/catalog/product/cache/91592fba593eb22710bd0e431c05b560/r/e/relax_sunlounger_malibu_blanc_4.jpg"
"1789821841-23","https://www.bricoma.ma/jardinage-pein-air/meubles-exterieur.html","https://www.bricoma.ma/jardinage-pein-air/meubles-exterieur.html?p=2","TABLE DE TERRASSE & PISCNE MARBELHA WHITE","99,00 MAD","Voir produit","","nouveauté","best seller","Stock Limité","https://www.bricoma.ma/pub/media/catalog/product/cache/91592fba593eb22710bd0e431c05b560/1/1/112575_mdf.jpg"
"1789821841-24","https://www.bricoma.ma/jardinage-pein-air/meubles-exterieur.html","https://www.bricoma.ma/jardinage-pein-air/meubles-exterieur.html?p=2","CHAISE DE PLAGE PLIABLE LIGHT BLUE","115,00 MAD","Voir produit","","nouveauté","best seller","Stock Limité","https://www.bricoma.ma/pub/media/catalog/product/cache/91592fba593eb22710bd0e431c05b560/1/1/112578.png"
"1789821841-25","https://www.bricoma.ma/jardinage-pein-air/meubles-exterieur.html","https://www.bricoma.ma/jardinage-pein-air/meubles-exterieur.html?p=2","CHAISE DE PLAGE PLIABLE WHITE","115,00 MAD","Voir produit","","nouveauté","best seller","Stock Limité","https://www.bricoma.ma/pub/media/catalog/product/cache/91592fba593eb22710bd0e431c05b560/c/h/chaise_de_plage_pliable_white_2.jpg"
"1789821841-26","https://www.bricoma.ma/jardinage-pein-air/meubles-exterieur.html","https://www.bricoma.ma/jardinage-pein-air/meubles-exterieur.html?p=2","CHAISE DE PLAGE PLIABLE LIME","115,00 MAD","Voir produit","","nouveauté","best seller","Stock Limité","https://www.bricoma.ma/pub/media/catalog/product/cache/91592fba593eb22710bd0e431c05b560/c/h/chaise_de_plage_pliable_lime_2_1.jpg"
"1789821841-27","https://www.bricoma.ma/jardinage-pein-air/meubles-exterieur.html","https://www.bricoma.ma/jardinage-pein-air/meubles-exterieur.html?p=2","PARASOL AVEC MANIVELLE DIAM 300CM GRIS VES-3956","759,00 MAD","Voir produit","","nouveauté","best seller","Stock Limité","https://www.bricoma.ma/pub/media/catalog/product/cache/91592fba593eb22710bd0e431c05b560/1/1/115317_.jpg"
"1789821841-28","https://www.bricoma.ma/jardinage-pein-air/meubles-exterieur.html","https://www.bricoma.ma/jardinage-pein-air/meubles-exterieur.html?p=2","PARASOL DEPORTE KHAKI 3X4M","5 999,00 MAD","Voir produit","","nouveauté","best seller","Stock Limité","https://www.bricoma.ma/pub/media/catalog/product/cache/91592fba593eb22710bd0e431c05b560/1/1/115321_mdf.jpg"
"1789821841-29","https://www.bricoma.ma/jardinage-pein-air/meubles-exterieur.html","https://www.bricoma.ma/jardinage-pein-air/meubles-exterieur.html?p=2","SET ALASKA 4 PLACES + TABLE MARRON","2 890,00 MAD","Voir produit","","nouveauté","best seller","Stock Limité","https://www.bricoma.ma/pub/media/catalog/product/cache/91592fba593eb22710bd0e431c05b560/1/1/115144.jpeg"
"1789821841-30","https://www.bricoma.ma/jardinage-pein-air/meubles-exterieur.html","https://www.bricoma.ma/jardinage-pein-air/meubles-exterieur.html?p=2","SALON SET MANHATTAN STYLE MEUBLES DE JARDIN","3 549,00 MAD","Voir produit","","nouveauté","best seller","Stock Limité","https://www.bricoma.ma/pub/media/catalog/product/cache/91592fba593eb22710bd0e431c05b560/s/a/salon_set_manhattan_style_meubles_de_jardin_4.png"
"1789821841-31","https://www.bricoma.ma/jardinage-pein-air/meubles-exterieur.html","https://www.bricoma.ma/jardinage-pein-air/meubles-exterieur.html?p=2","PARASOL AVEC MANIVELLE DAIM 300CM SOCLE CROISÉ GRIS","1 299,00 MAD","Voir produit","","nouveauté","best seller","Stock Limité","https://www.bricoma.ma/pub/media/catalog/product/cache/91592fba593eb22710bd0e431c05b560/1/1/115314.png"
"1789821841-32","https://www.bricoma.ma/jardinage-pein-air/meubles-exterieur.html","https://www.bricoma.ma/jardinage-pein-air/meubles-exterieur.html?p=2","PARASOL AVEC MANIVELLE SOCLE CROISÉ 200X300 CM GRIS","1 399,00 MAD","Voir produit","","nouveauté","best seller","Stock Limité","https://www.bricoma.ma/pub/media/catalog/product/cache/91592fba593eb22710bd0e431c05b560/p/a/parasol_avec_manivelle_socle_croise_200x300_cm_gris_1.png"
"1789821850-33","https://www.bricoma.ma/jardinage-pein-air/meubles-exterieur.html","https://www.bricoma.ma/jardinage-pein-air/meubles-exterieur.html?p=3","TABLE À MANGER ARIZONA AVEC 6 CHAISES","2 999,00 MAD","Voir produit","RAINBOW","nouveauté","best seller","Stock Limité","https://www.bricoma.ma/pub/media/catalog/product/cache/91592fba593eb22710bd0e431c05b560/t/a/table_manger_arizona.png"
"1789821850-34","https://www.bricoma.ma/jardinage-pein-air/meubles-exterieur.html","https://www.bricoma.ma/jardinage-pein-air/meubles-exterieur.html?p=3","FAUTEUIL DE JARDIN SUSPENDU","3 250,00 MAD","Voir produit","","nouveauté","best seller","Stock Limité","https://www.bricoma.ma/pub/media/catalog/product/cache/91592fba593eb22710bd0e431c05b560/1/1/115146_mdf.png"
"1789821850-35","https://www.bricoma.ma/jardinage-pein-air/meubles-exterieur.html","https://www.bricoma.ma/jardinage-pein-air/meubles-exterieur.html?p=3","SWING APPLE FAUTEUIL SUSPENDU GRIS","3 250,00 MAD","Voir produit","","nouveauté","best seller","Stock Limité","https://www.bricoma.ma/pub/media/catalog/product/cache/91592fba593eb22710bd0e431c05b560/_/s/_swing_apple_fauteuil_suspendu_gris_2.jpg"
"1789821850-36","https://www.bricoma.ma/jardinage-pein-air/meubles-exterieur.html","https://www.bricoma.ma/jardinage-pein-air/meubles-exterieur.html?p=3","CHAISE WIND SABLE 04565","359,00 MAD","Voir produit","","nouveauté","best seller","Stock Limité","https://www.bricoma.ma/pub/media/catalog/product/cache/91592fba593eb22710bd0e431c05b560/1/1/118661.jpg"
"1789821850-37","https://www.bricoma.ma/jardinage-pein-air/meubles-exterieur.html","https://www.bricoma.ma/jardinage-pein-air/meubles-exterieur.html?p=3","CHAISE WIND GRIS FONCE 04567","359,00 MAD","Voir produit","","nouveauté","best seller","Stock Limité","https://www.bricoma.ma/pub/media/catalog/product/cache/91592fba593eb22710bd0e431c05b560/1/1/118662.jpg"
"1789821850-38","https://www.bricoma.ma/jardinage-pein-air/meubles-exterieur.html","https://www.bricoma.ma/jardinage-pein-air/meubles-exterieur.html?p=3","CHAISE PALMA GRIS VOLCANIQUE 05806","119,00 MAD","Voir produit","","nouveauté","best seller","Stock Limité","https://www.bricoma.ma/pub/media/catalog/product/cache/91592fba593eb22710bd0e431c05b560/1/1/118666.jpg"
"1789821850-39","https://www.bricoma.ma/jardinage-pein-air/meubles-exterieur.html","https://www.bricoma.ma/jardinage-pein-air/meubles-exterieur.html?p=3","CHAISE DELTA BLANC 03887","279,00 MAD","Voir produit","","nouveauté","best seller","Stock Limité","https://www.bricoma.ma/pub/media/catalog/product/cache/91592fba593eb22710bd0e431c05b560/c/h/chaise_delta_blanc_03887_4.jpg"
"1789821850-40","https://www.bricoma.ma/jardinage-pein-air/meubles-exterieur.html","https://www.bricoma.ma/jardinage-pein-air/meubles-exterieur.html?p=3","CHAISE ECOGARROTXA NOIRE 01136","99,00 MAD","Voir produit","","nouveauté","best seller","Stock Limité","https://www.bricoma.ma/pub/media/catalog/product/cache/91592fba593eb22710bd0e431c05b560/1/1/118668.jpg"
"1789821850-41","https://www.bricoma.ma/jardinage-pein-air/meubles-exterieur.html","https://www.bricoma.ma/jardinage-pein-air/meubles-exterieur.html?p=3","BALANCELLE SWING LARGE CONFORTABLE BEIGE","2 690,00 MAD","Voir produit","","nouveauté","best seller","Stock Limité","https://www.bricoma.ma/pub/media/catalog/product/cache/91592fba593eb22710bd0e431c05b560/b/a/balancelle_swing_large_confortable_beige_1_.jpg"
"1789821850-42","https://www.bricoma.ma/jardinage-pein-air/meubles-exterieur.html","https://www.bricoma.ma/jardinage-pein-air/meubles-exterieur.html?p=3","CHAISE PALMA SABLE 06201","119,00 MAD","Voir produit","","nouveauté","best seller","Stock Limité","https://www.bricoma.ma/pub/media/catalog/product/cache/91592fba593eb22710bd0e431c05b560/1/1/118667.jpg"
"1789821850-43","https://www.bricoma.ma/jardinage-pein-air/meubles-exterieur.html","https://www.bricoma.ma/jardinage-pein-air/meubles-exterieur.html?p=3","BALANCELLE SWING MEDIUM CONFORTABLE BEIGE","2 490,00 MAD","Voir produit","","nouveauté","best seller","Stock Limité","https://www.bricoma.ma/pub/media/catalog/product/cache/91592fba593eb22710bd0e431c05b560/b/a/balancelle_swing_medium_confortable_beige_2_.png"
"1789821850-44","https://www.bricoma.ma/jardinage-pein-air/meubles-exterieur.html","https://www.bricoma.ma/jardinage-pein-air/meubles-exterieur.html?p=3","BALANCELLE SWING LARGE GRIS","2 690,00 MAD","Voir produit","","nouveauté","best seller","Stock Limité","https://www.bricoma.ma/pub/media/catalog/product/cache/91592fba593eb22710bd0e431c05b560/b/a/bal-swing.png"
"1789821850-45","https://www.bricoma.ma/jardinage-pein-air/meubles-exterieur.html","https://www.bricoma.ma/jardinage-pein-air/meubles-exterieur.html?p=3","CHAISE DELTA GRIS FONCE 03888","279,00 MAD","Voir produit","","nouveauté","best seller","Stock Limité","https://www.bricoma.ma/pub/media/catalog/product/cache/91592fba593eb22710bd0e431c05b560/c/h/chaise_delta_gris_fonce_03888_1.jpg"
"1789821850-46","https://www.bricoma.ma/jardinage-pein-air/meubles-exterieur.html","https://www.bricoma.ma/jardinage-pein-air/meubles-exterieur.html?p=3","CHAISE ONA BLANC - ASSISE GRIS FONCE 03704","445,00 MAD","Voir produit","","nouveauté","best seller","Stock Limité","https://www.bricoma.ma/pub/media/catalog/product/cache/91592fba593eb22710bd0e431c05b560/c/h/chaise_ona_blanc_-_assise_gris_fonce_03704_1_.jpg"
"1789821850-47","https://www.bricoma.ma/jardinage-pein-air/meubles-exterieur.html","https://www.bricoma.ma/jardinage-pein-air/meubles-exterieur.html?p=3","TABLE DE JARDIN PLUS DEUX CHAISES        SF 4805","1 499,00 MAD","Voir produit","","nouveauté","best seller","Stock Limité","https://www.bricoma.ma/pub/media/catalog/product/cache/91592fba593eb22710bd0e431c05b560/1/1/118874_ffn.jpg"
"1789821850-48","https://www.bricoma.ma/jardinage-pein-air/meubles-exterieur.html","https://www.bricoma.ma/jardinage-pein-air/meubles-exterieur.html?p=3","RELAX STRUCTURE METALIQUE LOUNGE CHAIR - SF5502","890,00 MAD","Voir produit","","nouveauté","best seller","Stock Limité","https://www.bricoma.ma/pub/media/catalog/product/cache/91592fba593eb22710bd0e431c05b560/r/e/relax_structure_metalique_lounge_chair_-_sf5502_2.png"
"1789821859-49","https://www.bricoma.ma/jardinage-pein-air/meubles-exterieur.html","https://www.bricoma.ma/jardinage-pein-air/meubles-exterieur.html?p=4","SET MEUBLES JARDIN MIAMI BALCONY GRAPHITE","1 990,00 MAD","Voir produit","","nouveauté","best seller","Stock Limité","https://www.bricoma.ma/pub/media/catalog/product/cache/91592fba593eb22710bd0e431c05b560/1/1/119728.png"
"1789821859-50","https://www.bricoma.ma/jardinage-pein-air/meubles-exterieur.html","https://www.bricoma.ma/jardinage-pein-air/meubles-exterieur.html?p=4","SALON DE JARDIN MIAMI PIEDRA 4PLACES","2 399,00 MAD","Voir produit","SHAF","nouveauté","best seller","Stock Limité","https://www.bricoma.ma/pub/media/catalog/product/cache/91592fba593eb22710bd0e431c05b560/s/a/salon_de_jardin_miami_piedra_4places_1_.jpg"
"1789821859-51","https://www.bricoma.ma/jardinage-pein-air/meubles-exterieur.html","https://www.bricoma.ma/jardinage-pein-air/meubles-exterieur.html?p=4","SALON DE JARDIN DIVA COMFORT STORAGE","2 999,00 MAD","Voir produit","SHAF","nouveauté","best seller","Stock Limité","https://www.bricoma.ma/pub/media/catalog/product/cache/91592fba593eb22710bd0e431c05b560/s/a/salon_de_jardin_diva_comfort_storage_1_.jpg"
"1789821859-52","https://www.bricoma.ma/jardinage-pein-air/meubles-exterieur.html","https://www.bricoma.ma/jardinage-pein-air/meubles-exterieur.html?p=4","SALON DE JARDIN MIAMI TÊTE À TÊTE","1 299,00 MAD","Voir produit","SHAF","nouveauté","best seller","Stock Limité","https://www.bricoma.ma/pub/media/catalog/product/cache/91592fba593eb22710bd0e431c05b560/s/a/salon_de_jardin_miami_te_te_a_te_te_3.png"
"1789821859-53","https://www.bricoma.ma/jardinage-pein-air/meubles-exterieur.html","https://www.bricoma.ma/jardinage-pein-air/meubles-exterieur.html?p=4","SOCLE DE PARASOL EN BETON CARRE 12KG","219,00 MAD","Voir produit","ELG","nouveauté","best seller","Stock Limité","https://www.bricoma.ma/pub/media/catalog/product/cache/91592fba593eb22710bd0e431c05b560/s/o/socle_de_parasol_en_beton_carre_12kg_1_.png"
"1789821859-54","https://www.bricoma.ma/jardinage-pein-air/meubles-exterieur.html","https://www.bricoma.ma/jardinage-pein-air/meubles-exterieur.html?p=4","SALON DE JARDIN OASIS 5PLACES EN L","3 879,00 MAD","Voir produit","SHAF","nouveauté","best seller","Stock Limité","https://www.bricoma.ma/pub/media/catalog/product/cache/91592fba593eb22710bd0e431c05b560/s/a/salon_de_jardin_oasis_5places_en_l_1_.jpg"
"1789821859-55","https://www.bricoma.ma/jardinage-pein-air/meubles-exterieur.html","https://www.bricoma.ma/jardinage-pein-air/meubles-exterieur.html?p=4","SET DE JARDIN 2 CHAISES ET TABLE BAKU + MONACO MARQUE SHAF","1 399,00 MAD","Voir produit","SHAF","nouveauté","best seller","Stock Limité","https://www.bricoma.ma/pub/media/catalog/product/cache/91592fba593eb22710bd0e431c05b560/c/a/capture_d_e_cran_2023-08-11_a_15.53.46.png"
"1789821859-56","https://www.bricoma.ma/jardinage-pein-air/meubles-exterieur.html","https://www.bricoma.ma/jardinage-pein-air/meubles-exterieur.html?p=4","SET DE JARDIN 2 CHAISES +TABLE BAKU+MONACO","1 399,00 MAD","Voir produit","SHAF","nouveauté","best seller","Stock Limité","https://www.bricoma.ma/pub/media/catalog/product/cache/91592fba593eb22710bd0e431c05b560/c/a/capture_d_e_cran_2023-08-11_a_15.58.13.png"
"1789821859-57","https://www.bricoma.ma/jardinage-pein-air/meubles-exterieur.html","https://www.bricoma.ma/jardinage-pein-air/meubles-exterieur.html?p=4","SOCLE ROND DE PARASOL NOIR EN RESINE 12KG VES-4449","269,00 MAD","Voir produit","","nouveauté","best seller","Stock Limité","https://www.bricoma.ma/pub/media/catalog/product/cache/91592fba593eb22710bd0e431c05b560/1/1/119737.jpg"
"1789821859-58","https://www.bricoma.ma/jardinage-pein-air/meubles-exterieur.html","https://www.bricoma.ma/jardinage-pein-air/meubles-exterieur.html?p=4","TABLE RONDE PLIABLE  RH152","1 490,00 MAD","Voir produit","","nouveauté","best seller","Stock Limité","https://www.bricoma.ma/pub/media/catalog/product/cache/91592fba593eb22710bd0e431c05b560/1/2/122817_copie.png"
"1789821859-59","https://www.bricoma.ma/jardinage-pein-air/meubles-exterieur.html","https://www.bricoma.ma/jardinage-pein-air/meubles-exterieur.html?p=4","TABLE RONDE PLIABLE RH122","999,00 MAD","Voir produit","","nouveauté","best seller","Stock Limité","https://www.bricoma.ma/pub/media/catalog/product/cache/91592fba593eb22710bd0e431c05b560/1/2/122817_copie_3.png"
"1789821859-60","https://www.bricoma.ma/jardinage-pein-air/meubles-exterieur.html","https://www.bricoma.ma/jardinage-pein-air/meubles-exterieur.html?p=4","CHAISE PLIANTE D'EXTERIEURE  Y01","349,00 MAD","Voir produit","","nouveauté","best seller","Stock Limité","https://www.bricoma.ma/pub/media/catalog/product/cache/91592fba593eb22710bd0e431c05b560/1/2/122823_copie.png"
"1789821859-61","https://www.bricoma.ma/jardinage-pein-air/meubles-exterieur.html","https://www.bricoma.ma/jardinage-pein-air/meubles-exterieur.html?p=4","TABLE RECTANGULAIRE PLIABLE  FH180D","699,00 MAD","Voir produit","","nouveauté","best seller","Stock Limité","https://www.bricoma.ma/pub/media/catalog/product/cache/91592fba593eb22710bd0e431c05b560/t/a/table_rectangulaire_pliable_fh180d_2.jpg"
"1789821859-62","https://www.bricoma.ma/jardinage-pein-air/meubles-exterieur.html","https://www.bricoma.ma/jardinage-pein-air/meubles-exterieur.html?p=4","TABLE RECTANGULAIRE PLIABLE  FH152 \"\"","579,00 MAD","Voir produit","","nouveauté","best seller","Stock Limité","https://www.bricoma.ma/pub/media/catalog/product/cache/91592fba593eb22710bd0e431c05b560/1/2/122821_copie.png"
"1789821859-63","https://www.bricoma.ma/jardinage-pein-air/meubles-exterieur.html","https://www.bricoma.ma/jardinage-pein-air/meubles-exterieur.html?p=4","TABLE RECTANGULAIRE PLIABLE FH122D\"\"","539,00 MAD","Voir produit","","nouveauté","best seller","Stock Limité","https://www.bricoma.ma/pub/media/catalog/product/cache/91592fba593eb22710bd0e431c05b560/t/a/table_rectangulaire_pliable_fh122d_221.jpg"
"1789821859-64","https://www.bricoma.ma/jardinage-pein-air/meubles-exterieur.html","https://www.bricoma.ma/jardinage-pein-air/meubles-exterieur.html?p=4","TABLE RONDE PLIABLE  R180","2 790,00 MAD","Voir produit","","nouveauté","best seller","Stock Limité","https://www.bricoma.ma/pub/media/catalog/product/cache/91592fba593eb22710bd0e431c05b560/t/a/table_ronde_pliable_r180_2.png"
"1789821868-65","https://www.bricoma.ma/jardinage-pein-air/meubles-exterieur.html","https://www.bricoma.ma/jardinage-pein-air/meubles-exterieur.html?p=5","TABLE RECTANGULAIRE PLIABLE  FH240","1 190,00 MAD","Voir produit","","nouveauté","best seller","Stock Limité","https://www.bricoma.ma/pub/media/catalog/product/cache/91592fba593eb22710bd0e431c05b560/1/2/122822_copie_2.png"
"1789821868-66","https://www.bricoma.ma/jardinage-pein-air/meubles-exterieur.html","https://www.bricoma.ma/jardinage-pein-air/meubles-exterieur.html?p=5","SET PARIS LOUNGE","3 500,00 MAD","Voir produit","","nouveauté","best seller","Stock Limité","https://www.bricoma.ma/pub/media/catalog/product/cache/91592fba593eb22710bd0e431c05b560/1/2/122826.png"
"1789821868-67","https://www.bricoma.ma/jardinage-pein-air/meubles-exterieur.html","https://www.bricoma.ma/jardinage-pein-air/meubles-exterieur.html?p=5","CHAISE DANTE LOWBACK GRAPHITE 207063","219,00 MAD","Voir produit","","nouveauté","best seller","Stock Limité","https://www.bricoma.ma/pub/media/catalog/product/cache/91592fba593eb22710bd0e431c05b560/1/2/123181.png"
"1789821868-68","https://www.bricoma.ma/jardinage-pein-air/meubles-exterieur.html","https://www.bricoma.ma/jardinage-pein-air/meubles-exterieur.html?p=5","TABLE OCEAN SIDE 45X45 DARK GREY","295,00 MAD","Voir produit","","nouveauté","best seller","Stock Limité","https://www.bricoma.ma/pub/media/catalog/product/cache/91592fba593eb22710bd0e431c05b560/1/2/123275.jpg"
"1789821868-69","https://www.bricoma.ma/jardinage-pein-air/meubles-exterieur.html","https://www.bricoma.ma/jardinage-pein-air/meubles-exterieur.html?p=5","CHAISE BLOOM DARK GREY","985,00 MAD","Voir produit","","nouveauté","best seller","Stock Limité","https://www.bricoma.ma/pub/media/catalog/product/cache/91592fba593eb22710bd0e431c05b560/c/h/chaise_bloom_dark_grey_3.jpg"
"1789821868-70","https://www.bricoma.ma/jardinage-pein-air/meubles-exterieur.html","https://www.bricoma.ma/jardinage-pein-air/meubles-exterieur.html?p=5","SET TABLE SOLDING+ 2TABOURET HELEN","2 399,00 MAD","Voir produit","","nouveauté","best seller","Stock Limité","https://www.bricoma.ma/pub/media/catalog/product/cache/91592fba593eb22710bd0e431c05b560/1/2/123233_1.jpg"
"1789821868-71","https://www.bricoma.ma/jardinage-pein-air/meubles-exterieur.html","https://www.bricoma.ma/jardinage-pein-air/meubles-exterieur.html?p=5","SALON DE JARDIN VENUS","2 490,00 MAD","Voir produit","","nouveauté","best seller","Stock Limité","https://www.bricoma.ma/pub/media/catalog/product/cache/91592fba593eb22710bd0e431c05b560/1/2/123246.jpg"
"1789821868-72","https://www.bricoma.ma/jardinage-pein-air/meubles-exterieur.html","https://www.bricoma.ma/jardinage-pein-air/meubles-exterieur.html?p=5","CHAISE BLOOM","925,00 MAD","Voir produit","","nouveauté","best seller","Stock Limité","https://www.bricoma.ma/pub/media/catalog/product/cache/91592fba593eb22710bd0e431c05b560/c/h/chaise_bloom_5.png"
"1789821868-73","https://www.bricoma.ma/jardinage-pein-air/meubles-exterieur.html","https://www.bricoma.ma/jardinage-pein-air/meubles-exterieur.html?p=5","SET TABLE LAGOS ANTHRACITE+ 6 FAUTEUIL PARIS DARK GREY","9 199,00 MAD","Voir produit","","nouveauté","best seller","Stock Limité","https://www.bricoma.ma/pub/media/catalog/product/cache/91592fba593eb22710bd0e431c05b560/1/2/123272.jpg"
"1789821868-74","https://www.bricoma.ma/jardinage-pein-air/meubles-exterieur.html","https://www.bricoma.ma/jardinage-pein-air/meubles-exterieur.html?p=5","SET SAM TATVAN TABLE  + 4 CHAISE METALIQUE","2 890,00 MAD","Voir produit","","nouveauté","best seller","Stock Limité","https://www.bricoma.ma/pub/media/catalog/product/cache/91592fba593eb22710bd0e431c05b560/1/2/123236.jpg"
"1789821868-75","https://www.bricoma.ma/jardinage-pein-air/meubles-exterieur.html","https://www.bricoma.ma/jardinage-pein-air/meubles-exterieur.html?p=5","RELAX PACIFIC","1 599,00 MAD","Voir produit","","nouveauté","best seller","Stock Limité","https://www.bricoma.ma/pub/media/catalog/product/cache/91592fba593eb22710bd0e431c05b560/r/e/relax_pacific_3.png"
"1789821868-76","https://www.bricoma.ma/jardinage-pein-air/meubles-exterieur.html","https://www.bricoma.ma/jardinage-pein-air/meubles-exterieur.html?p=5","TABLE OCEAN SIDE 45X45 TAUPE","295,00 MAD","Voir produit","","nouveauté","best seller","Stock Limité","https://www.bricoma.ma/pub/media/catalog/product/cache/91592fba593eb22710bd0e431c05b560/t/a/table_ocean_side_45x45_taupe_2.png"
"1789821868-77","https://www.bricoma.ma/jardinage-pein-air/meubles-exterieur.html","https://www.bricoma.ma/jardinage-pein-air/meubles-exterieur.html?p=5","SET SAM SKY 1:TABLE 105 RONDE+ 4 FAUTEUIL PARIS","3 690,00 MAD","Voir produit","","nouveauté","best seller","Stock Limité","https://www.bricoma.ma/pub/media/catalog/product/cache/91592fba593eb22710bd0e431c05b560/c/a/capture_d_e_cran_2025-05-21_a_15.40.14.png"
"1789821868-78","https://www.bricoma.ma/jardinage-pein-air/meubles-exterieur.html","https://www.bricoma.ma/jardinage-pein-air/meubles-exterieur.html?p=5","RELAX PACIFIC DARK GREY","1 599,00 MAD","Voir produit","","nouveauté","best seller","Stock Limité","https://www.bricoma.ma/pub/media/catalog/product/cache/91592fba593eb22710bd0e431c05b560/1/2/123273_mdf.jpg"
"1789821868-79","https://www.bricoma.ma/jardinage-pein-air/meubles-exterieur.html","https://www.bricoma.ma/jardinage-pein-air/meubles-exterieur.html?p=5","FAUTEUIL PANORA","349,00 MAD","Voir produit","","nouveauté","best seller","Stock Limité","https://www.bricoma.ma/pub/media/catalog/product/cache/91592fba593eb22710bd0e431c05b560/f/a/fauteuil_panora_png.png"
"1789821868-80","https://www.bricoma.ma/jardinage-pein-air/meubles-exterieur.html","https://www.bricoma.ma/jardinage-pein-air/meubles-exterieur.html?p=5","CHAISE FIJI BLANCHE","219,00 MAD","Voir produit","","nouveauté","best seller","Stock Limité","https://www.bricoma.ma/pub/media/catalog/product/cache/91592fba593eb22710bd0e431c05b560/c/h/chaise_fiji_blanche_2.png"
"1789821877-81","https://www.bricoma.ma/jardinage-pein-air/meubles-exterieur.html","https://www.bricoma.ma/jardinage-pein-air/meubles-exterieur.html?p=6","RELAX CAIMAN BLANC","679,00 MAD","Voir produit","","nouveauté","best seller","Stock Limité","https://www.bricoma.ma/pub/media/catalog/product/cache/91592fba593eb22710bd0e431c05b560/r/e/relax_caiman_blanc_1_1.png"
"1789821877-82","https://www.bricoma.ma/jardinage-pein-air/meubles-exterieur.html","https://www.bricoma.ma/jardinage-pein-air/meubles-exterieur.html?p=6","TABLE BASSE DE JARDIN ALASKA BLANCHE","249,00 MAD","Voir produit","","nouveauté","best seller","Stock Limité","https://www.bricoma.ma/pub/media/catalog/product/cache/91592fba593eb22710bd0e431c05b560/t/a/table_basse_de_jardin_alaska_blanche_1.png"
"1789821877-83","https://www.bricoma.ma/jardinage-pein-air/meubles-exterieur.html","https://www.bricoma.ma/jardinage-pein-air/meubles-exterieur.html?p=6","TABLE BASSE DE JARDIN ALASKA ANTRHACITE","249,00 MAD","Voir produit","","nouveauté","best seller","Stock Limité","https://www.bricoma.ma/pub/media/catalog/product/cache/91592fba593eb22710bd0e431c05b560/t/a/table_basse_de_jardin_alaska_antracite_1.png"
"1789821877-84","https://www.bricoma.ma/jardinage-pein-air/meubles-exterieur.html","https://www.bricoma.ma/jardinage-pein-air/meubles-exterieur.html?p=6","CHAISE HYBA ROUGE DESIGN","299,00 MAD","Voir produit","HYBA","nouveauté","best seller","Stock Limité","https://www.bricoma.ma/pub/media/catalog/product/cache/91592fba593eb22710bd0e431c05b560/1/2/124137_.png"
"1789821877-85","https://www.bricoma.ma/jardinage-pein-air/meubles-exterieur.html","https://www.bricoma.ma/jardinage-pein-air/meubles-exterieur.html?p=6","TABLE HYBA ROUGE DESIGN","209,00 MAD","Voir produit","HYBA","nouveauté","best seller","Stock Limité","https://www.bricoma.ma/pub/media/catalog/product/cache/91592fba593eb22710bd0e431c05b560/t/a/table_hyba_rouge_design_1_1.png"
"1789821877-86","https://www.bricoma.ma/jardinage-pein-air/meubles-exterieur.html","https://www.bricoma.ma/jardinage-pein-air/meubles-exterieur.html?p=6","TABLE MERCURIO BLANCHE","459,00 MAD","Voir produit","","nouveauté","best seller","Stock Limité","https://www.bricoma.ma/pub/media/catalog/product/cache/91592fba593eb22710bd0e431c05b560/t/a/table_mercurio_blanche_3.png"
"1789821877-87","https://www.bricoma.ma/jardinage-pein-air/meubles-exterieur.html","https://www.bricoma.ma/jardinage-pein-air/meubles-exterieur.html?p=6","MAISON EN RÉSINE GARDIUN MARENA 2,47M2 GARDIUN COULEUR ANTHRACITE","7 999,00 MAD","Voir produit","GARDIUN","nouveauté","best seller","Stock Limité","https://www.bricoma.ma/pub/media/catalog/product/cache/91592fba593eb22710bd0e431c05b560/1/2/125259.jpg"
"1789821877-88","https://www.bricoma.ma/jardinage-pein-air/meubles-exterieur.html","https://www.bricoma.ma/jardinage-pein-air/meubles-exterieur.html?p=6","HANGAR EN MÉTAL BUCKINGHAM GREEN 2,43M2 GARDIUN AVEC PORTE COULISSANTE DOUBLE","4 490,00 MAD","Voir produit","GARDIUN","nouveauté","best seller","Stock Limité","https://www.bricoma.ma/pub/media/catalog/product/cache/91592fba593eb22710bd0e431c05b560/1/2/125262_mdf.jpg"
"1789821877-89","https://www.bricoma.ma/jardinage-pein-air/meubles-exterieur.html","https://www.bricoma.ma/jardinage-pein-air/meubles-exterieur.html?p=6","HANGAR BUCKINGHAM MÉTALLISÉ GRIS 2,43M2 GARDIUN AVEC PORTE COULISSANTE DOUBLE","4 490,00 MAD","Voir produit","GARDIUN","nouveauté","best seller","Stock Limité","https://www.bricoma.ma/pub/media/catalog/product/cache/91592fba593eb22710bd0e431c05b560/1/2/125263.jpg"
"1789821877-90","https://www.bricoma.ma/jardinage-pein-air/meubles-exterieur.html","https://www.bricoma.ma/jardinage-pein-air/meubles-exterieur.html?p=6","FAUTEUIL DIVA","420,00 MAD","Voir produit","","nouveauté","best seller","Stock Limité","https://www.bricoma.ma/pub/media/catalog/product/cache/91592fba593eb22710bd0e431c05b560/1/2/126025_.png"
"1789821877-91","https://www.bricoma.ma/jardinage-pein-air/meubles-exterieur.html","https://www.bricoma.ma/jardinage-pein-air/meubles-exterieur.html?p=6","PERGOLA BIOCLIMATIQUE MURALE 3MX4M (2 PIEDS)","28 199,00 MAD","Voir produit","","nouveauté","best seller","Stock Limité","https://www.bricoma.ma/pub/media/catalog/product/cache/91592fba593eb22710bd0e431c05b560/1/2/126265_1.png"
"1789821877-92","https://www.bricoma.ma/jardinage-pein-air/meubles-exterieur.html","https://www.bricoma.ma/jardinage-pein-air/meubles-exterieur.html?p=6","SET VENUS BEIGE","2 490,00 MAD","Voir produit","","nouveauté","best seller","Stock Limité","https://www.bricoma.ma/pub/media/catalog/product/cache/91592fba593eb22710bd0e431c05b560/s/e/set-exochis-fylliana-elton-mayro-kafe-chroma-119x67x82ek1715257215.jpg"
"1789821877-93","https://www.bricoma.ma/jardinage-pein-air/meubles-exterieur.html","https://www.bricoma.ma/jardinage-pein-air/meubles-exterieur.html?p=6","ENSEMBLE MODERNE SET NASSAU 4P - GRAPHITE - 55522","2 980,00 MAD","Voir produit","","nouveauté","best seller","Stock Limité","https://www.bricoma.ma/pub/media/catalog/product/cache/91592fba593eb22710bd0e431c05b560/e/n/ensemble_moderne_set_nassau_4p_-_graphite_-_55522_1.png"
"1789821877-94","https://www.bricoma.ma/jardinage-pein-air/meubles-exterieur.html","https://www.bricoma.ma/jardinage-pein-air/meubles-exterieur.html?p=6","SALON DE JARDIN 5 PLACES EN ALUM+COUSSINS+TABLE","6 499,00 MAD","Voir produit","","nouveauté","best seller","Stock Limité","https://www.bricoma.ma/pub/media/catalog/product/cache/91592fba593eb22710bd0e431c05b560/s/a/salon.jpg"
"1789821877-95","https://www.bricoma.ma/jardinage-pein-air/meubles-exterieur.html","https://www.bricoma.ma/jardinage-pein-air/meubles-exterieur.html?p=6","SET TABLE DE JARDIN RONDE AVEC 4 CHAISES SF4014/SF5014","1 995,00 MAD","Voir produit","ELG","nouveauté","best seller","Stock Limité","https://www.bricoma.ma/pub/media/catalog/product/cache/91592fba593eb22710bd0e431c05b560/s/e/set_table_de_jardin_ronde_avec_4_chaises_sf4014sf5014_3_.jpg"
"1789821877-96","https://www.bricoma.ma/jardinage-pein-air/meubles-exterieur.html","https://www.bricoma.ma/jardinage-pein-air/meubles-exterieur.html?p=6","ABRI DE VOITURE EN METAL 3.6 X 4.5 M","6 990,00 MAD","Voir produit","ELG","nouveauté","best seller","Stock Limité","https://www.bricoma.ma/pub/media/catalog/product/cache/91592fba593eb22710bd0e431c05b560/a/b/abri_de_voiture_en_metal_3.6_x_4.5_m_1_1.png"
"1789821883-97","https://www.bricoma.ma/jardinage-pein-air/meubles-exterieur.html","https://www.bricoma.ma/jardinage-pein-air/meubles-exterieur.html?p=7","TABLE PLIANTE AVEC HAUTEUR RÉGLABLE EN 3 NIVEAUX 122*61*52.5*74CM","499,00 MAD","Voir produit","HOME DECO","nouveauté","best seller","Stock Limité","https://www.bricoma.ma/pub/media/catalog/product/cache/91592fba593eb22710bd0e431c05b560/1/2/129830_table_pliante_ppng.png"
"1789821883-98","https://www.bricoma.ma/jardinage-pein-air/meubles-exterieur.html","https://www.bricoma.ma/jardinage-pein-air/meubles-exterieur.html?p=7","CHAISE DE CAMPING PLIANTE 120KG","99,00 MAD","Voir produit","HOME DECO","nouveauté","best seller","Stock Limité","https://www.bricoma.ma/pub/media/catalog/product/cache/91592fba593eb22710bd0e431c05b560/1/2/129846_chaise_de_camping_png.jpg"
