Nom de l’article,Prix TTC (MAD),URL image produit
RUBAN ADHESIF DE SECURITE ROUGE (VOID) 45MMX10M,60.00,https://d2u1z1lopyfwlx.cloudfront.net/thumbnails/c1a89965-379a-5e98-8548-a5909aa9dfd4/7f31a3c9-4b73-501f-9356-23b21e091604.jpg
PANNEAU SECURITE NETTOYAGE (SOL HUMIDE),79.00,https://st.perplexity.ai/estatic/0b226c450798410ac541646c86ec31afd840e5beab817a5d84fa821e7db61981ec84c3b4a3f072a7a2e1899c9fb06c6ec44fe6c8439a81a5b69553b1edad20727dadafe12bc0dae66e7f510cd239b92b73b2f36e489e8daf6b007a749917cbe5c432ea14dc7a5b1693b37664843aa47f
PANNEAU DE SIGNALISATION AVEC ACCROCHAGE,225.00,https://d2u1z1lopyfwlx.cloudfront.net/thumbnails/4bf5683b-2459-5aa8-9e90-5e12a03b46bd/bacf5548-500f-5587-bfd8-add0645b4ed4.jpg
PANNEAU DE SECURITE SOL GLISSANT,79.00,https://st.perplexity.ai/estatic/0b226c450798410ac541646c86ec31afd840e5beab817a5d84fa821e7db61981ec84c3b4a3f072a7a2e1899c9fb06c6e917b18a970100590d3303cc0e93897643b2ac32bc193331c342d463746f8ede3228733faec55e30939ba6038bc70b1335ba9958b56c6e08286180c84c2a70dec
BALISAGE (GRILLAGE LARGEUR 1M) 50M,785.00,https://d2u1z1lopyfwlx.cloudfront.net/thumbnails/3f64fab2-5402-5ef5-9f42-defae649a8fc/8c3a3e07-c0c2-5082-b55c-3feb1de096dc.jpg
BALISAGE MURALE E27 SILVER,78.00,
BALISAGE XT-60B NOIR S/G,56.00,
BALISAGE XT-60B SILVER S/G,59.00,
BALISAGE XT-60A BLANC A/G,60.00,
BALISAGE XT-60A SILVER A/G,62.00,
BALISAGE XT-60C SILVER A/G,62.00,
DRIVER BALISE ZORAN HK16770 IP68,198.00,
CROCHET MURAL POUR EXTINCTEUR POUDRE OU EAU 6KG ET 9KG,25.00,
CROCHET MURAL POUR EXTINCTEUR CO2 6KG ET 9KG,29.00,
SUPPORT AU SOL POUR EXTINCTEUR POUDRE OU EAU 6KG ET 9KG,465.00,
MIROIR DE SIGNALISATION ROUTIERE STANDARD,2350.00,https://st.perplexity.ai/estatic/0b226c450798410ac541646c86ec31afd840e5beab817a5d84fa821e7db61981ec84c3b4a3f072a7a2e1899c9fb06c6ed6c4c24ce855aa66194e85c9c19543ba7c8f0b2a1d3f472b6f769acfe46bc1061eb56f42b2ac239e2665f2bb272d3d703ef8ed23b451e67ca9ec51f0e94f6ea8
TRIANGLE DE SIGNALISATION ADHESIF,19.50,
PLAQUE DE SIGNALISATION RIA,99.00,
EXTINCTEURS 1KG,49.00,https://d2u1z1lopyfwlx.cloudfront.net/thumbnails/f870331f-4db5-586d-a50e-1f5f078bc7a3/19fff8e5-c8d2-5bcc-b34c-43e2ef28b80a.jpg
EXTINCTEURS 2KG POUDRE AVEC SUPPORT,229.00,https://d2u1z1lopyfwlx.cloudfront.net/thumbnails/f870331f-4db5-586d-a50e-1f5f078bc7a3/19fff8e5-c8d2-5bcc-b34c-43e2ef28b80a.jpg
EXTINCTEURS 400G,29.00,https://d2u1z1lopyfwlx.cloudfront.net/thumbnails/f870331f-4db5-586d-a50e-1f5f078bc7a3/19fff8e5-c8d2-5bcc-b34c-43e2ef28b80a.jpg
EXTINCTEURS 6KGS,629.00,https://d2u1z1lopyfwlx.cloudfront.net/thumbnails/f870331f-4db5-586d-a50e-1f5f078bc7a3/19fff8e5-c8d2-5bcc-b34c-43e2ef28b80a.jpg
EXTINCTEURS 9KG,729.00,https://d2u1z1lopyfwlx.cloudfront.net/thumbnails/c8b213dd-0ade-55d5-b27c-4c2415c40125/c0567a87-0255-5937-a1b8-9d98f62efb99.jpg
EXTINCTEUR LIQUIDE 6L,,
EXTINCTEUR CO2 6KG,1399.00,
EXTINCTEUR 6KG,629.00,https://d2u1z1lopyfwlx.cloudfront.net/thumbnails/f870331f-4db5-586d-a50e-1f5f078bc7a3/19fff8e5-c8d2-5bcc-b34c-43e2ef28b80a.jpg
EXTINCTEURS 2KG RECHARGEABLE,235.00,https://d2u1z1lopyfwlx.cloudfront.net/thumbnails/f870331f-4db5-586d-a50e-1f5f078bc7a3/19fff8e5-c8d2-5bcc-b34c-43e2ef28b80a.jpg
EXTINCTEURS 500 GRS,39.00,
EXTINCTEURS 1000 GRS,45.00,
TRIPIED POUR PANNEAU DE SIGNALISATION REF:D1103,195.00,
POTEAU POUR CHAINE DE SIGNALISATION,89.00,https://d2u1z1lopyfwlx.cloudfront.net/thumbnails/fae45752-57b8-58b6-abf2-4f676d1039f9/bf963c3b-de93-5d8e-9ead-ba99b79dfe4b.jpg
BATON LUMINEUSE 3CM DIAM 52CM LONGUEUR,80.00,
DOS D ANES 1M,445.00,
COIN POUR DOS D ANES,331.00,
CHAINE DE SIGNALISATION DIAM 8 BOBINE 25M,259.00,
CHAINE DE SIGNALISATION DIAM. 6MM LONG. 25 M,229.00,
CHAINE DE SIGNALISATION DIAM. 8MM LONG. 25 M,319.00,
SUPPORT POUR CHAINE DE SIGNALISATION EN PLASTIQUE,130.00,
CONE DE SIGNALISATION 50CM,65.00,https://d2u1z1lopyfwlx.cloudfront.net/thumbnails/432e95fb-2691-5441-8112-47356128d0a8/bf963c3b-de93-5d8e-9ead-ba99b79dfe4b.jpg
CONE DE SIGNALISATION JSP 50CM,125.00,https://d2u1z1lopyfwlx.cloudfront.net/thumbnails/432e95fb-2691-5441-8112-47356128d0a8/bf963c3b-de93-5d8e-9ead-ba99b79dfe4b.jpg
POTEAU DE SIGNALISATION,79.00,https://d2u1z1lopyfwlx.cloudfront.net/thumbnails/fae45752-57b8-58b6-abf2-4f676d1039f9/bf963c3b-de93-5d8e-9ead-ba99b79dfe4b.jpg
CONE DE SIGNALISATION AVEC BASE CAOUTCHOUC 1M,176.00,https://d2u1z1lopyfwlx.cloudfront.net/thumbnails/432e95fb-2691-5441-8112-47356128d0a8/bf963c3b-de93-5d8e-9ead-ba99b79dfe4b.jpg
CONE DE SIGNALISATION 30CM T.PRO,68.00,https://d2u1z1lopyfwlx.cloudfront.net/thumbnails/432e95fb-2691-5441-8112-47356128d0a8/bf963c3b-de93-5d8e-9ead-ba99b79dfe4b.jpg
CONE DE SIGNALISATION BASE CAOUTCHOUC 75CM,119.00,https://d2u1z1lopyfwlx.cloudfront.net/thumbnails/432e95fb-2691-5441-8112-47356128d0a8/bf963c3b-de93-5d8e-9ead-ba99b79dfe4b.jpg
CONE DE SIGNALISATION PVC- 70CM - BASE CAOUTCHOUC,139.00,https://d2u1z1lopyfwlx.cloudfront.net/thumbnails/432e95fb-2691-5441-8112-47356128d0a8/bf963c3b-de93-5d8e-9ead-ba99b79dfe4b.jpg
CONE DE SIGNALISATION PVC- 45CM - BASE CAOUTCHOUC,90.00,https://d2u1z1lopyfwlx.cloudfront.net/thumbnails/432e95fb-2691-5441-8112-47356128d0a8/bf963c3b-de93-5d8e-9ead-ba99b79dfe4b.jpg
CONE DE SIGNALISATION PVC- 30CM - BASE CAOUTCHOUC,69.00,https://d2u1z1lopyfwlx.cloudfront.net/thumbnails/432e95fb-2691-5441-8112-47356128d0a8/bf963c3b-de93-5d8e-9ead-ba99b79dfe4b.jpg
CONE DE SIGNALISATION DE 50 CM,69.00,https://d2u1z1lopyfwlx.cloudfront.net/thumbnails/432e95fb-2691-5441-8112-47356128d0a8/bf963c3b-de93-5d8e-9ead-ba99b79dfe4b.jpg
CONE DE SIGNALISATION 30CM,39.00,https://d2u1z1lopyfwlx.cloudfront.net/thumbnails/432e95fb-2691-5441-8112-47356128d0a8/bf963c3b-de93-5d8e-9ead-ba99b79dfe4b.jpg
CONE DE SIGNALISATION H.70CM,260.00,https://d2u1z1lopyfwlx.cloudfront.net/thumbnails/432e95fb-2691-5441-8112-47356128d0a8/bf963c3b-de93-5d8e-9ead-ba99b79dfe4b.jpg
LAMPE DE SIGNALISATION DE CHANTIER AVEC 2 BATTERIES,296.00,
LAMPE DE SIGNALISATION DE CHANTIER REF.IL08,216.00,
RUBAN DE SIGNALISATION 100M,35.00,https://d2u1z1lopyfwlx.cloudfront.net/thumbnails/7040f866-23b2-5baf-9c53-de567067bc1e/bf963c3b-de93-5d8e-9ead-ba99b79dfe4b.jpg
RUBAN DE SIGNALISATION 200M,42.00,https://d2u1z1lopyfwlx.cloudfront.net/thumbnails/7040f866-23b2-5baf-9c53-de567067bc1e/bf963c3b-de93-5d8e-9ead-ba99b79dfe4b.jpg
RUBAN DE SIGNALISATION AUTO COLLANT,70.00,https://d2u1z1lopyfwlx.cloudfront.net/thumbnails/7040f866-23b2-5baf-9c53-de567067bc1e/bf963c3b-de93-5d8e-9ead-ba99b79dfe4b.jpg
RUBAN DE SIGNALISATION 50X200,28.00,https://d2u1z1lopyfwlx.cloudfront.net/thumbnails/7040f866-23b2-5baf-9c53-de567067bc1e/bf963c3b-de93-5d8e-9ead-ba99b79dfe4b.jpg
RUBAN DE SIGNALISATION ROUGE-BLANC 50MM - 100M,29.00,https://d2u1z1lopyfwlx.cloudfront.net/thumbnails/7040f866-23b2-5baf-9c53-de567067bc1e/bf963c3b-de93-5d8e-9ead-ba99b79dfe4b.jpg
RUBAN DE SIGNALISATION ROUGE-BLANC 70MM - 100M,35.00,https://d2u1z1lopyfwlx.cloudfront.net/thumbnails/7040f866-23b2-5baf-9c53-de567067bc1e/bf963c3b-de93-5d8e-9ead-ba99b79dfe4b.jpg
RUBAN DE SIGNALISATION DE 50X100 METRES,26.00,https://d2u1z1lopyfwlx.cloudfront.net/thumbnails/7040f866-23b2-5baf-9c53-de567067bc1e/bf963c3b-de93-5d8e-9ead-ba99b79dfe4b.jpg
RUBAN DE SIGNALISATION DE 70X100 METRES,39.00,https://d2u1z1lopyfwlx.cloudfront.net/thumbnails/7040f866-23b2-5baf-9c53-de567067bc1e/bf963c3b-de93-5d8e-9ead-ba99b79dfe4b.jpg
RUBAN SIGNALISATION ROUGE/BLANC 100M X 50MM,25.00,https://d2u1z1lopyfwlx.cloudfront.net/thumbnails/7040f866-23b2-5baf-9c53-de567067bc1e/bf963c3b-de93-5d8e-9ead-ba99b79dfe4b.jpg
RUBAN SIGNALISATION JAUNE/NOIR 100M X 50MM,25.00,https://d2u1z1lopyfwlx.cloudfront.net/thumbnails/7040f866-23b2-5baf-9c53-de567067bc1e/bf963c3b-de93-5d8e-9ead-ba99b79dfe4b.jpg
BOITE 20 CLE,99.00,
BOITE 48 CLE,164.00,
BOITE 96 CLE,250.00,
BOITE A CLE FORME LIVRE,90.00,
BOITE A CLE SAFEWELL 20 CLES,129.00,
BOITE A CLE SAFEWELL 48 CLES,185.00,
BOITE A CLE SAFEWELL 93 CLES,219.00,
ARMOIRE A CLES 24 CLES 250X180X75MM,199.00,
ARMOIRE A CLES 54 CLES 300X240X75MM,290.00,
ARMOIRE A CLES 100 CLES 300X240X75MM,379.00,
ARMOIRE A CLES 25 CLES 300X240X75MM,159.00,
ARMOIRE A CLES 56 CLES 450X300X80MM,380.00,
ARMOIRE A CLES 100 CLES 550X380X80MM,539.00,
ARMOIRE A CLES KB-25 SENTRY,289.00,
ARMOIRE A CLES KB-50 SENTRY,359.00,
CAISSE A MONNAIE N°2,95.00,
CAISSE A MONNAIE N°3,119.00,
CAISSE A MONNAIE N°4,149.00,
CAISSE A MONNAIE N°1,80.00,
CAISSE A MONNAIE 90X200X160MM,119.00,
CAISSE A MONNAIE 90X250X180MM,169.00,
CAISSE A MONNAIE 90X300X240MM,199.00,
CAISSE A MONNAIE 160X200X90MM,139.00,
CAISSE A MONNAIE 180X250X90MM,159.00,
CAISSE A MONNAIE 240X300X90MM,209.00,
CAISSETTE A MONNAIE SENTRY CB-8,139.00,
CAISSETTE A MONNAIE SENTRY CB-10,169.00,
CAISSETTE A MONNAIE SENTRY CB-12,199.00,
CAISSE A MONNAIE AVEC POIGNEE D OUVERTURE AUTOMATIQUE,299.00,
CAISSE A MONNAIE 160X200X90MM ELG-TOOLS113280,129.00,
CAISSE A MONNAIE 180X250X90MM ELG-TOOLS-113281,139.00,
CAISSE A MONNAIE 240X300X90MM ELG-TOOLS-113282,189.00,
COFFRE FORT BLINDE ANTI-FEU MECANIQUE 700X500X490MM YB700AS,4950.00,
COFFRE FORT 600X480X470MM 92KG ALE ANTI FEU,5990.00,
COFFRE FORT 700X500X490MM 108KG ALE ANTI FEU,6990.00,
COFFRE FORT 920X600X570MM 188KG ALE ANTI FEU,11500.00,
COFFRE FORT 1200X700X640MM 266KG ALE ANTI FEU,14990.00,
COFFRE FORT INTELLIGENT SAFWELL TC-195JA,999.00,
COFFRE FORT FIREPROOF SAFWELL YB-350A-M,1595.00,
COFFRE FORT BLIND ANTI FEU YB500-ALD,1989.00,
COFFRE FORT A EMPREINTE DIGITAL 250X350X250MM 25FPN,1149.00,
COFFRE FORT BLINDE ANTI-FEU ET ETANCHE MECANIQUE 457X470X483MM,3600.00,
COFFRE FORT BLINDE ANTI-FEU ET ETANCHE ELECTRONIQUE 457X470X483MM,4590.00,
COFFRE FORT BLINDE ANTI-FEU ET ETANCHE MECANIQUE 610X530X483MM,4600.00,
COFFRE FORT BLINDE ANTI-FEU ET ETANCHE ELECTRONIQUE 610X530X483MM,4750.00,
COFFRE FORT ANTI-FEU SENTRY T-1100,590.00,
COFFRE FORT BLINDE ANTI-FEU ELECTRONIQUE ET CLE 876X521X559MM,9999.00,
COFFRE FORT BLINDE ANTI-FEU ELECTRONIQUE ET CLE 1011X646X595MM,12699.00,
COFFRE FORT BLINDE ANTI-FEU ELECTRONIQUE ET CLE 1210X646X608MM,15417.00,
COFFRE FORT ANTI FEU SENTRY SW205TWC,6799.00,
COFFRE FORT POUR ARMES A FEU G1459E,8789.00,
COFFRE FORT POUR ARMES A FEU SENTRY E1459E,6699.00,
COFFRE FORT A DOUBLE PORTE BLJ-800-2,6995.00,
COFFRE FORT A DOUBLE PORTE BLF-800-2,7495.00,
COFFRE FORT BLINDE AVEC COMB ELECTR ET CLE 930X530X460MM,5290.00,
COFFRE FORT ELECTRONIQUE CLE 300X380X300MM 30EG 30EA,899.00,
COFFRE FORT ELECTRONIQUE 250X350X250MM EK25,579.00,
COFFRE FORT 500X350X250MM EA50,1299.00,
COFFRE FORT RM 25 TYPE HOTEL,1200.00,
COFFRE FORT INTELLIGENT AVEC CARTE MAGNETIQUE 23HB,1395.00,
COFFRE FORT INTELLIGENT TC-23RE,1529.00,
COFFRE FORT ELECTRONIQUE 250X350X250MM AVEC CLE 25SAV,899.00,
COFFRE FORT ELECTRONIQUE 250X350X250MM,549.00,
COFFRE FORT A DEPOT BLINDE 700X450X450MM,6495.00,
COFFRE FORT A DEPOT BLINDE 850X450X450MM,6990.00,
COFFRE FORT INTELLIGENT POUR HOTEL 200X420X390MM,1150.00,
COFFRE FORT BLINDE AVEC COMB ELECTR ET CLE 610X450X360MM,3299.00,
COFFRE FORT ELECTRONIQUE 800X450X400MM,4390.00,
COFFRE FORT 17 EF 230X170X170,259.00,
COFFRE POUR ARME A FEU AVEC COFFRET MUNITION 1450X350X340MM,3499.00,
COFFRE POUR ARME A FEU CAPACITE 14 ARMES 1500X508X432MM,7950.00,
COFFRE FORT A DEPOT 650X430X380MM,3995.00,
COFFRE FORT A DEPOT 475X365X360MM,3199.00,
COFFRE FORT MECANIQUE 300X300MM,1199.00,
COFFRE FORT ELECTRONIQUE AVEC CLE 350X375X320MM AD35B,2199.00,
COFFRE FORT A EMPREINTE DIGITAL 500X350X310MM,2199.00,
COFFRE FORT ELECTRONIQUE 195X432X370MM,999.00,
COFFRE FORT A CLE 167X290X250MM CS-1,689.00,
COFFRE FORT DE SECURITE 220X350X270MM ACS-3,1339.00,
COFFRE FORT DE SECURITE 180X430X370MM ACS-4,1639.00,
COFFRE FORT DE SECURITE 225X430X370MM ACS-5,1779.00,
COFFRE FORT DE SECURITE 270X430X370MM ACS-6,1929.00,
COFFRE FORT DE SECURITE 610X390X390MM ACS-7,5560.00,
COFFRE FORT DE SECURITE 700X550X486MM ACS-8,7375.00,
COFFRE FORT DE SECURITE 950X550X486MM ACS-9,8629.00,
COFFRE FORT A CLE 163X286X213MM,520.00,
COFFRE FORT ANTI-FEU SENTRY EF3428E,6499.00,
COFFRET ANTI-FEU SENTRY 1200,249.00,
COFFRET SELECT ACCESS MASTERLOCK 5412EURD,569.00,
COFFRET SELECT ACCESS MASTERLOCK 5415EURD,599.00,
ETIQUETTE BALISAGE,3.72,
CROCHETS BALISAGE,37.20,
SIGNALISATION HOMME INOX 100X100X1.5MM,39.00,
SIGNALISATION HANDICAPE INOX,39.00,
MACARON SIGNALISATION HOMME,15.00,
MACARON SIGNALISATION FEMME,15.00,
MACARON SIGNALISATION INTERDIT DE FUMER,15.00,
MACARON SIGNALISATION WC,15.00,
MACARON SIGNALISATION POUBELLE,15.00,
MACARON SIGNALISATION HANDICAPE,10.00,
MACARON SIGNALISATION TELEPHONE INTERDIT,15.00,
MACARON SIGNALISATION SOL GLISSANT,15.00,
MACARON SIGNALISATION NE PAS TOUCHER,10.00,
SIGNALISATION TOILETTES FEMMES DB182-F,12.00,
SIGNALISATION TOILETTES HOMMES DB182-H,12.00,
SIGNALISATION TOILETTES DB182-WC,12.00,
SIGNALISATION DEFENSE DE FUMER DB182-DF,12.00,
ETIQUETTE DE BALISAGE POUR BAGAGES B002449,19.00,
SERRURE POUR COFFRE FORT,72.00,
ROYAL PONT DE CROISEMENT EN DOS D ANE 20,3.80,
ROYAL PONT DE CROISEMENT EN DOS D ANE 25,5.50,
ROYAL PONT DE CROISEMENT EN DOS D ANE 32,11.00,
