Original URL,Canonical URL,HTTP Status,Reason,Backlinks Impact,Internal Links Updated
/,https://orsap.ma/,200,Homepage Canonical,Preserved,Yes
/a-propos,https://orsap.ma/a-propos,200,About Page,Preserved,Yes
/solutions,https://orsap.ma/solutions,200,Solutions Catalog Hub,Preserved,Yes
/solutions/epi,https://orsap.ma/solutions/epi,200,EPI Main Category,Preserved,Yes
/solutions/epi/casques,https://orsap.ma/solutions/epi/casques,200,Safety Helmets Solution,Preserved,Yes
/solutions/epi/chaussures-securite,https://orsap.ma/solutions/epi/chaussures-securite,200,Safety Shoes Solution,Preserved,Yes
/solutions/epi/gants,https://orsap.ma/solutions/epi/gants,200,Protection Gloves,Preserved,Yes
/solutions/epi/gants/anti-coupure,https://orsap.ma/solutions/epi/gants/anti-coupure,200,Anti-cut Gloves,Preserved,Yes
/solutions/epi/gants/manutention,https://orsap.ma/solutions/epi/gants/manutention,200,Handling Gloves,Preserved,Yes
/solutions/epi/protection-auditive,https://orsap.ma/solutions/epi/protection-auditive,200,Hearing Protection,Preserved,Yes
/solutions/epi/protection-respiratoire,https://orsap.ma/solutions/epi/protection-respiratoire,200,Respiratory Protection,Preserved,Yes
/solutions/epi/protection-yeux,https://orsap.ma/solutions/epi/protection-yeux,200,Eye Protection,Preserved,Yes
/solutions/epi/btp,https://orsap.ma/solutions/epi/btp,200,Construction EPI Hub,Preserved,Yes
/solutions/travail-en-hauteur,https://orsap.ma/solutions/travail-en-hauteur,200,Height Safety Hub,Preserved,Yes
/solutions/travail-en-hauteur/harnais,https://orsap.ma/solutions/travail-en-hauteur/harnais,200,Fall Arrest Harness,Preserved,Yes
/solutions/travail-en-hauteur/ancrages,https://orsap.ma/solutions/travail-en-hauteur/ancrages,200,Anchor Points,Preserved,Yes
/solutions/travail-en-hauteur/lignes-de-vie,https://orsap.ma/solutions/travail-en-hauteur/lignes-de-vie,200,Lifelines,Preserved,Yes
/solutions/travail-en-hauteur/longes,https://orsap.ma/solutions/travail-en-hauteur/longes,200,Lanyards & Retractors,Preserved,Yes
/solutions/vetements-professionnels,https://orsap.ma/solutions/vetements-professionnels,200,Workwear Category,Preserved,Yes
/solutions/vetements-professionnels/pantalons,https://orsap.ma/solutions/vetements-professionnels/pantalons,200,Work Pants,Preserved,Yes
/solutions/vetements-professionnels/ete,https://orsap.ma/solutions/vetements-professionnels/ete,200,Summer Breathable Workwear,Preserved,Yes
/solutions/vetements-professionnels/intemperies,https://orsap.ma/solutions/vetements-professionnels/intemperies,200,Weather Protection,Preserved,Yes
/solutions/vetements-professionnels/haute-visibilite,https://orsap.ma/solutions/vetements-professionnels/haute-visibilite,200,High Visibility Workwear,Preserved,Yes
/solutions/vetements-professionnels/multirisques,https://orsap.ma/solutions/vetements-professionnels/multirisques,200,Multi-risk ATEX,Preserved,Yes
/solutions/manutention,https://orsap.ma/solutions/manutention,200,Handling Equipment Hub,Preserved,Yes
/solutions/manutention/transpalettes,https://orsap.ma/solutions/manutention/transpalettes,200,Manual Pallet Trucks,Preserved,Yes
/solutions/manutention/transpalettes-electriques,https://orsap.ma/solutions/manutention/transpalettes-electriques,200,Electric Lithium Pallet Trucks,Preserved,Yes
/solutions/manutention/gerbeurs,https://orsap.ma/solutions/manutention/gerbeurs,200,Workshop Stackers,Preserved,Yes
/solutions/manutention/levage,https://orsap.ma/solutions/manutention/levage,200,Slings & Lifting,Preserved,Yes
/solutions/logistique,https://orsap.ma/solutions/logistique,200,Warehouse Solutions,Preserved,Yes
/solutions/outillage,https://orsap.ma/solutions/outillage,200,Industrial Tooling,Preserved,Yes
/solutions/roulements,https://orsap.ma/solutions/roulements,200,Bearings & Transmission,Preserved,Yes
/solutions/jardinage,https://orsap.ma/solutions/jardinage,200,Green Spaces & Forestry,Preserved,Yes
/solutions/consommables,https://orsap.ma/solutions/consommables,200,Technical Consumables,Preserved,Yes
/solutions/luminaires,https://orsap.ma/solutions/luminaires,200,Industrial Lighting,Preserved,Yes
/solutions/climatisation,https://orsap.ma/solutions/climatisation,200,HVAC & Air Treatment,Preserved,Yes
/solutions/electricite,https://orsap.ma/solutions/electricite,200,Industrial Electricity,Preserved,Yes
/solutions/quincaillerie,https://orsap.ma/solutions/quincaillerie,200,Industrial Hardware,Preserved,Yes
/solutions/revetements,https://orsap.ma/solutions/revetements,200,Technical Flooring & Walls,Preserved,Yes
/produits,https://orsap.ma/solutions,301,Legacy Product Route Redirect to Solutions,Preserved,Yes
/produits/:category,https://orsap.ma/solutions/:category,301,Legacy Product Category Alias,Preserved,Yes
/services,https://orsap.ma/services,200,Services Overview,Preserved,Yes
/services/importation-distribution,https://orsap.ma/services/importation-distribution,200,Import & Distribution Service,Preserved,Yes
/services/etudes-realisations,https://orsap.ma/services/etudes-realisations,200,Engineering Studies Service,Preserved,Yes
/services/maintenance-sav,https://orsap.ma/services/maintenance-sav,200,Maintenance & After-Sales Service,Preserved,Yes
/services/revetements-sols-murs,https://orsap.ma/services/revetements-sols-murs,200,Flooring Service,Preserved,Yes
/services/plomberie-fluides,https://orsap.ma/services/plomberie-fluides,200,Fluid Piping Service,Preserved,Yes
/services/climatisation,https://orsap.ma/services/climatisation,200,HVAC Installation Service,Preserved,Yes
/services/amenagement-ateliers,https://orsap.ma/services/amenagement-ateliers,200,Workshop Fitting Service,Preserved,Yes
/marques,https://orsap.ma/marques,200,Brands Catalog,Preserved,Yes
/temoignages,https://orsap.ma/temoignages,200,Testimonials & Case Studies,Preserved,Yes
/devis,https://orsap.ma/devis,200,Quote Request Hub,Preserved,Yes
/blog,https://orsap.ma/blog,200,Technical Blog Hub,Preserved,Yes
/blog/prevention,https://orsap.ma/blog/prevention,200,HSE Prevention Hub,Preserved,Yes
/blog/prevention/ergonomie,https://orsap.ma/blog/prevention/ergonomie,200,Ergonomics Hub,Preserved,Yes
/blog/prevention/tms,https://orsap.ma/blog/prevention/tms,200,TMS Prevention Hub,Preserved,Yes
/recrutement,https://orsap.ma/recrutement,200,Careers Page,Preserved,Yes
/contact,https://orsap.ma/contact,200,Contact & Map,Preserved,Yes
/espace-client,https://orsap.ma/espace-client,200,Client Portal,Preserved,Yes
